pair,lag_samples,lag_s,te_bits,surr_mean_bits,surr_p95_bits,excess_te_bits
Ux_1D_to_T_1D,1,0.005,0.1026135085,0.01919436103,0.02722097045,0.08341914751
Ux_1D_to_T_1D,2,0.01,0.1274874739,0.02002109351,0.0273594117,0.1074663804
Ux_1D_to_T_1D,3,0.015,0.1473507536,0.01922452678,0.02812015763,0.1281262268
Ux_1D_to_T_1D,4,0.02,0.1592001438,0.01813630667,0.02501615251,0.1410638372
Ux_1D_to_T_1D,5,0.025,0.1707975967,0.0184408538,0.02571417809,0.1523567429
Ux_1D_to_T_1D,6,0.03,0.1601390612,0.01880284138,0.02698466647,0.1413362198
Ux_1D_to_T_1D,7,0.035,0.1574470457,0.02016131149,0.02798345363,0.1372857342
Ux_1D_to_T_1D,8,0.04,0.1582049358,0.01923898257,0.02864676377,0.1389659532
Ux_1D_to_T_1D,9,0.045,0.1498067178,0.0184609779,0.02872229615,0.1313457399
Ux_1D_to_T_1D,10,0.05,0.1631471922,0.0193744171,0.02827396988,0.1437727751
Ux_1D_to_T_1D,11,0.055,0.158701944,0.01877837854,0.02639088102,0.1399235654
Ux_1D_to_T_1D,12,0.06,0.1468797557,0.01801344754,0.02729918335,0.1288663082
Ux_1D_to_T_1D,13,0.065,0.1304569987,0.01915385513,0.02804188141,0.1113031435
Ux_1D_to_T_1D,14,0.07,0.1238130549,0.01863296017,0.02675224415,0.1051800947
Ux_1D_to_T_1D,15,0.075,0.07040113088,0.01947015176,0.02947239039,0.05093097912
Ux_1D_to_T_1D,16,0.08,0.06250835643,0.01802020807,0.02397438464,0.04448814836
Ux_1D_to_T_1D,17,0.085,0.1150463809,0.01910542706,0.02647167314,0.09594095387
Ux_1D_to_T_1D,18,0.09,0.127589256,0.01821239906,0.02656260427,0.1093768569
Ux_1D_to_T_1D,19,0.095,0.1472801012,0.01983499878,0.02849706115,0.1274451024
Ux_1D_to_T_1D,20,0.1,0.1797260229,0.01918565322,0.02797986197,0.1605403697
Ux_1D_to_T_1D,21,0.105,0.1780420304,0.01924132629,0.02913118795,0.1588007041
Ux_1D_to_T_1D,22,0.11,0.1899913357,0.01877545786,0.0262556406,0.1712158778
Ux_1D_to_T_1D,23,0.115,0.2259435545,0.01925121027,0.02741594724,0.2066923442
Ux_1D_to_T_1D,24,0.12,0.2064929956,0.01906146802,0.0283152122,0.1874315276
Ux_1D_to_T_1D,25,0.125,0.1928543751,0.01944953144,0.02999738847,0.1734048437
Ux_1D_to_T_1D,26,0.13,0.1886805036,0.01865474385,0.02610998238,0.1700257598
Ux_1D_to_T_1D,27,0.135,0.1900835209,0.01957334378,0.02803110902,0.1705101772
Ux_1D_to_T_1D,28,0.14,0.167020757,0.01913260168,0.02775903766,0.1478881553
Ux_1D_to_T_1D,29,0.145,0.1514001337,0.01987317112,0.02764678111,0.1315269626
Ux_1D_to_T_1D,30,0.15,0.1043177881,0.0183999176,0.02730949283,0.08591787048
Ux_1D_to_T_1D,31,0.155,0.05843029429,0.01926998539,0.02777037683,0.0391603089
Ux_1D_to_T_1D,32,0.16,0.07223087437,0.01920038826,0.02590930055,0.05303048611
Ux_1D_to_T_1D,33,0.165,0.09186951921,0.01903957481,0.02790789174,0.0728299444
Ux_1D_to_T_1D,34,0.17,0.1313018708,0.01946906124,0.02680592058,0.1118328095
Ux_1D_to_T_1D,35,0.175,0.1609603149,0.01953012578,0.02803017285,0.1414301892
Ux_1D_to_T_1D,36,0.18,0.1496778761,0.01866296608,0.02629331838,0.13101491
Ux_1D_to_T_1D,37,0.185,0.1623453702,0.0194714518,0.0285504077,0.1428739184
Ux_1D_to_T_1D,38,0.19,0.1591410871,0.01880623452,0.02668690251,0.1403348525
Ux_1D_to_T_1D,39,0.195,0.1663612555,0.01893367606,0.02805807247,0.1474275794
Ux_1D_to_T_1D,40,0.2,0.1606208543,0.01921478732,0.0275546343,0.141406067
Ux_1D_to_T_1D,41,0.205,0.1498353998,0.01918298788,0.02830183676,0.1306524119
Ux_1D_to_T_1D,42,0.21,0.172852665,0.01949396511,0.0262639917,0.1533586999
Ux_1D_to_T_1D,43,0.215,0.1702852828,0.01927998049,0.02685254412,0.1510053023
Ux_1D_to_T_1D,44,0.22,0.1456706869,0.01806642953,0.02562010785,0.1276042574
Ux_1D_to_T_1D,45,0.225,0.1260152621,0.01929619391,0.02727645272,0.1067190682
Ux_1D_to_T_1D,46,0.23,0.09682808952,0.0202728104,0.02712903263,0.07655527912
Ux_1D_to_T_1D,47,0.235,0.07254077974,0.01889558097,0.02803635311,0.05364519877
Ux_1D_to_T_1D,48,0.24,0.05447870983,0.01920830952,0.02666737952,0.03527040031
Ux_1D_to_T_1D,49,0.245,0.07883243119,0.01956104286,0.0278022106,0.05927138834
Ux_1D_to_T_1D,50,0.25,0.1017736025,0.0189099365,0.02737485598,0.08286366602
Ux_1D_to_T_1D,51,0.255,0.1399421644,0.01903775773,0.0261223909,0.1209044067
Ux_1D_to_T_1D,52,0.26,0.1497260996,0.01938853624,0.02836370189,0.1303375633
Ux_1D_to_T_1D,53,0.265,0.1555427473,0.01935308303,0.02768558588,0.1361896642
Ux_1D_to_T_1D,54,0.27,0.1530225166,0.01954712414,0.02870022069,0.1334753925
Ux_1D_to_T_1D,55,0.275,0.1835048638,0.01986357532,0.02954612424,0.1636412885
Ux_1D_to_T_1D,56,0.28,0.1850997709,0.01933018234,0.02896384728,0.1657695886
Ux_1D_to_T_1D,57,0.285,0.2094624246,0.01966411697,0.02781615995,0.1897983077
Ux_1D_to_T_1D,58,0.29,0.2253634117,0.02047958707,0.02861742373,0.2048838247
Ux_1D_to_T_1D,59,0.295,0.2008828162,0.02019946711,0.02973618593,0.1806833491
Ux_1D_to_T_1D,60,0.3,0.1872897477,0.01844683869,0.0270828425,0.168842909
Ux_1D_to_T_1D,61,0.305,0.1566195652,0.01865805183,0.0262740055,0.1379615133
Ux_1D_to_T_1D,62,0.31,0.1366697631,0.01929775466,0.02862960505,0.1173720085
Ux_1D_to_T_1D,63,0.315,0.08196512969,0.01944805528,0.0271026414,0.06251707441
Ux_1D_to_T_1D,64,0.32,0.09684902751,0.02002024882,0.02758859267,0.07682877869
Ux_1D_to_T_1D,65,0.325,0.1050027391,0.0197878819,0.02676540043,0.08521485718
Ux_1D_to_T_1D,66,0.33,0.1336409705,0.01969114798,0.02884504125,0.1139498225
Ux_1D_to_T_1D,67,0.335,0.1569126876,0.01991276085,0.02809516249,0.1369999268
Ux_1D_to_T_1D,68,0.34,0.1594827745,0.01918043398,0.02848407744,0.1403023405
Ux_1D_to_T_1D,69,0.345,0.1602468988,0.01904366191,0.03001750455,0.1412032369
Ux_1D_to_T_1D,70,0.35,0.1622635172,0.0198814714,0.02992763726,0.1423820458
Ux_1D_to_T_1D,71,0.355,0.1593961343,0.01823896855,0.02654709897,0.1411571657
Ux_1D_to_T_1D,72,0.36,0.1678962092,0.01992665367,0.03014566625,0.1479695555
Ux_1D_to_T_1D,73,0.365,0.1607689583,0.02030672061,0.02844317503,0.1404622377
Ux_1D_to_T_1D,74,0.37,0.1618635247,0.01967708375,0.02860978873,0.142186441
Ux_1D_to_T_1D,75,0.375,0.1605071182,0.0200264981,0.02807754647,0.1404806201
Ux_1D_to_T_1D,76,0.38,0.1509396578,0.0188884235,0.02575303183,0.1320512343
Ux_1D_to_T_1D,77,0.385,0.1366076917,0.01943651712,0.02750043025,0.1171711746
Ux_1D_to_T_1D,78,0.39,0.1120716915,0.01994700669,0.03099830325,0.09212468484
Ux_1D_to_T_1D,79,0.395,0.06811925765,0.01984342013,0.0286349901,0.04827583752
Ux_1D_to_T_1D,80,0.4,0.02893718664,0.02009705957,0.02934455639,0.00884012707
Ux_1D_to_T_1D,81,0.405,0.05959497113,0.02010479297,0.02833733524,0.03949017816
Ux_1D_to_T_1D,82,0.41,0.08969689061,0.02033794262,0.02929736985,0.06935894799
Ux_1D_to_T_1D,83,0.415,0.1077580218,0.01933369087,0.02749310678,0.0884243309
Ux_1D_to_T_1D,84,0.42,0.1312494308,0.02098091123,0.02957404788,0.1102685196
Ux_1D_to_T_1D,85,0.425,0.1320077548,0.01937784797,0.02652885314,0.1126299068
Ux_1D_to_T_1D,86,0.43,0.1447992039,0.01976647485,0.02878553768,0.1250327291
Ux_1D_to_T_1D,87,0.435,0.177686635,0.02038541651,0.03072030712,0.1573012185
Ux_1D_to_T_1D,88,0.44,0.1741852494,0.01973267787,0.02861531837,0.1544525715
Ux_1D_to_T_1D,89,0.445,0.1703294953,0.02006729862,0.02829689315,0.1502621966
Ux_1D_to_T_1D,90,0.45,0.1604871153,0.01927852052,0.02695234462,0.1412085948
Ux_1D_to_T_1D,91,0.455,0.1562122658,0.02037391859,0.03018802618,0.1358383472
Ux_1D_to_T_1D,92,0.46,0.1554772813,0.0200005609,0.02743058673,0.1354767204
Ux_1D_to_T_1D,93,0.465,0.1240830282,0.02094576989,0.0285154779,0.1031372583
Ux_1D_to_T_1D,94,0.47,0.110352506,0.02012574924,0.02979727695,0.09022675672
Ux_1D_to_T_1D,95,0.475,0.06776957302,0.02021310256,0.0281601908,0.04755647046
Ux_1D_to_T_1D,96,0.48,0.07136768852,0.0200362033,0.02728100971,0.05133148522
Ux_1D_to_T_1D,97,0.485,0.07755800044,0.02080907833,0.02924516146,0.05674892211
Ux_1D_to_T_1D,98,0.49,0.112369619,0.02008357741,0.02758645286,0.09228604162
Ux_1D_to_T_1D,99,0.495,0.1435810513,0.02033828327,0.03084936862,0.123242768
Ux_1D_to_T_1D,100,0.5,0.1487274024,0.02047824488,0.02864879677,0.1282491575
Ux_1D_to_T_1D,101,0.505,0.1603117441,0.02018446984,0.02796559428,0.1401272742
Ux_1D_to_T_1D,102,0.51,0.1644030046,0.02049405593,0.0287486687,0.1439089487
Ux_1D_to_T_1D,103,0.515,0.1772612971,0.02060119486,0.0294095703,0.1566601023
Ux_1D_to_T_1D,104,0.52,0.1793365852,0.02041424293,0.02976478262,0.1589223423
Ux_1D_to_T_1D,105,0.525,0.1856966442,0.0210874862,0.03064269848,0.164609158
Ux_1D_to_T_1D,106,0.53,0.1687925659,0.02085347606,0.02994945221,0.1479390898
Ux_1D_to_T_1D,107,0.535,0.1770432312,0.01978570633,0.02679050833,0.1572575249
Ux_1D_to_T_1D,108,0.54,0.1522647652,0.01987909709,0.02653126955,0.1323856681
Ux_1D_to_T_1D,109,0.545,0.1395191015,0.02085357556,0.02998916408,0.118665526
Ux_1D_to_T_1D,110,0.55,0.106938445,0.02018932632,0.0307229259,0.08674911871
Ux_1D_to_T_1D,111,0.555,0.07833787019,0.0209870603,0.0316214089,0.05735080989
Ux_1D_to_T_1D,112,0.56,0.03751781739,0.02003375694,0.02700395705,0.01748406045
Ux_1D_to_T_1D,113,0.565,0.05255051944,0.0199266543,0.02753408404,0.03262386514
Ux_1D_to_T_1D,114,0.57,0.09595927094,0.02028339425,0.02922203014,0.07567587669
Ux_1D_to_T_1D,115,0.575,0.1102510582,0.01986440058,0.02733589414,0.09038665757
Ux_1D_to_T_1D,116,0.58,0.1403819891,0.01969578585,0.02830915618,0.1206862033
Ux_1D_to_T_1D,117,0.585,0.132895798,0.02011122348,0.02745522125,0.1127845745
Ux_1D_to_T_1D,118,0.59,0.1307737266,0.02024010798,0.03024601237,0.1105336186
Ux_1D_to_T_1D,119,0.595,0.1508386344,0.02081426185,0.02918138897,0.1300243726
Ux_1D_to_T_1D,120,0.6,0.1721166228,0.01990407242,0.02814936581,0.1522125504
T_1D_to_Ux_1D,1,0.005,0.2057542538,0.02131856273,0.02725316169,0.1844356911
T_1D_to_Ux_1D,2,0.01,0.1878554838,0.02214769447,0.0291090181,0.1657077893
T_1D_to_Ux_1D,3,0.015,0.1033688527,0.02330277137,0.03322387425,0.08006608136
T_1D_to_Ux_1D,4,0.02,0.06888667927,0.02212354304,0.030564519,0.04676313623
T_1D_to_Ux_1D,5,0.025,0.07071059241,0.02273941394,0.0314081756,0.04797117847
T_1D_to_Ux_1D,6,0.03,0.1157927308,0.02214182383,0.02992287206,0.09365090693
T_1D_to_Ux_1D,7,0.035,0.1383187529,0.02135326182,0.02865393064,0.116965491
T_1D_to_Ux_1D,8,0.04,0.1381094003,0.02200963114,0.03127550522,0.1160997692
T_1D_to_Ux_1D,9,0.045,0.1526873855,0.02236621803,0.02902763786,0.1303211675
T_1D_to_Ux_1D,10,0.05,0.1464500072,0.02228480746,0.0301333669,0.1241651997
T_1D_to_Ux_1D,11,0.055,0.1531880856,0.02004753849,0.03060181902,0.1331405471
T_1D_to_Ux_1D,12,0.06,0.1596912043,0.01974034925,0.0290350658,0.1399508551
T_1D_to_Ux_1D,13,0.065,0.1479586784,0.01923357271,0.02866150118,0.1287251057
T_1D_to_Ux_1D,14,0.07,0.1468862617,0.01930627898,0.02832708375,0.1275799827
T_1D_to_Ux_1D,15,0.075,0.1577091199,0.01825120685,0.02423927655,0.139457913
T_1D_to_Ux_1D,16,0.08,0.1482632254,0.017771406,0.02523804827,0.1304918194
T_1D_to_Ux_1D,17,0.085,0.1308037276,0.01873445113,0.02663930227,0.1120692765
T_1D_to_Ux_1D,18,0.09,0.1024226065,0.01867790385,0.02608210998,0.08374470269
T_1D_to_Ux_1D,19,0.095,0.08117831529,0.01895555608,0.02502299236,0.06222275921
T_1D_to_Ux_1D,20,0.1,0.05299381818,0.01814672547,0.02703503599,0.03484709271
T_1D_to_Ux_1D,21,0.105,0.06212879534,0.01891345114,0.02776756143,0.0432153442
T_1D_to_Ux_1D,22,0.11,0.09287461157,0.01910448787,0.0282124427,0.0737701237
T_1D_to_Ux_1D,23,0.115,0.1354955359,0.01844846688,0.02700372615,0.117047069
T_1D_to_Ux_1D,24,0.12,0.1481054754,0.01887948582,0.0261762141,0.1292259896
T_1D_to_Ux_1D,25,0.125,0.1648684404,0.01818327446,0.02613287132,0.146685166
T_1D_to_Ux_1D,26,0.13,0.1576380746,0.01869237527,0.02879061391,0.1389456994
T_1D_to_Ux_1D,27,0.135,0.1590201252,0.02010535479,0.02938967079,0.1389147704
T_1D_to_Ux_1D,28,0.14,0.1635902854,0.01800579586,0.02482297984,0.1455844895
T_1D_to_Ux_1D,29,0.145,0.1703292798,0.01998310039,0.02793680833,0.1503461794
T_1D_to_Ux_1D,30,0.15,0.1610279804,0.0185796163,0.02649904321,0.1424483641
T_1D_to_Ux_1D,31,0.155,0.134445481,0.01892420056,0.02617072144,0.1155212804
T_1D_to_Ux_1D,32,0.16,0.1439520621,0.01836886717,0.02634700096,0.1255831949
T_1D_to_Ux_1D,33,0.165,0.1359547786,0.01906632686,0.02685469817,0.1168884518
T_1D_to_Ux_1D,34,0.17,0.1131425041,0.01859770721,0.027193805,0.09454479686
T_1D_to_Ux_1D,35,0.175,0.06648220308,0.01809609753,0.02544751443,0.04838610555
T_1D_to_Ux_1D,36,0.18,0.05554781711,0.01880739749,0.0266258914,0.03674041962
T_1D_to_Ux_1D,37,0.185,0.06242232494,0.01994422,0.027638476,0.04247810494
T_1D_to_Ux_1D,38,0.19,0.09261434024,0.01843544785,0.02681524115,0.07417889239
T_1D_to_Ux_1D,39,0.195,0.1140540269,0.01958417035,0.02584163869,0.09446985652
T_1D_to_Ux_1D,40,0.2,0.1166254885,0.01904455898,0.02651947359,0.09758092956
T_1D_to_Ux_1D,41,0.205,0.1299496727,0.01986416143,0.02980992475,0.1100855113
T_1D_to_Ux_1D,42,0.21,0.1357110328,0.01882646443,0.02560670215,0.1168845684
T_1D_to_Ux_1D,43,0.215,0.1463944787,0.01886126379,0.0280679432,0.1275332149
T_1D_to_Ux_1D,44,0.22,0.1511622946,0.01899423681,0.02752611445,0.1321680578
T_1D_to_Ux_1D,45,0.225,0.1354794116,0.01937783658,0.02863686752,0.116101575
T_1D_to_Ux_1D,46,0.23,0.1474527235,0.01850565869,0.0253476796,0.1289470648
T_1D_to_Ux_1D,47,0.235,0.1518733346,0.01913031679,0.02702490246,0.1327430178
T_1D_to_Ux_1D,48,0.24,0.1326027469,0.0186665376,0.02589757991,0.1139362093
T_1D_to_Ux_1D,49,0.245,0.1379493485,0.01994648829,0.02841835204,0.1180028602
T_1D_to_Ux_1D,50,0.25,0.116070996,0.01966139795,0.02725097832,0.096409598
T_1D_to_Ux_1D,51,0.255,0.07242810961,0.01904661941,0.02919997648,0.0533814902
T_1D_to_Ux_1D,52,0.26,0.04394914074,0.01948516247,0.02743427191,0.02446397826
T_1D_to_Ux_1D,53,0.265,0.05423804545,0.01966748707,0.02930864054,0.03457055837
T_1D_to_Ux_1D,54,0.27,0.09548705431,0.01912284065,0.02691756462,0.07636421366
T_1D_to_Ux_1D,55,0.275,0.1198502573,0.01940850828,0.02737059791,0.100441749
T_1D_to_Ux_1D,56,0.28,0.1314887269,0.01901731549,0.02732917435,0.1124714114
T_1D_to_Ux_1D,57,0.285,0.1318983884,0.01942287554,0.02773743985,0.1124755129
T_1D_to_Ux_1D,58,0.29,0.1340784559,0.01926277979,0.02862106348,0.1148156761
T_1D_to_Ux_1D,59,0.295,0.1468149687,0.01919964469,0.02715546613,0.127615324
T_1D_to_Ux_1D,60,0.3,0.1391932902,0.01957741132,0.0283513005,0.1196158788
T_1D_to_Ux_1D,61,0.305,0.1560779662,0.02009435847,0.02999252714,0.1359836078
T_1D_to_Ux_1D,62,0.31,0.1567031959,0.02026586042,0.02892203762,0.1364373355
T_1D_to_Ux_1D,63,0.315,0.151952827,0.01952443306,0.02882136466,0.132428394
T_1D_to_Ux_1D,64,0.32,0.1675068762,0.01903115717,0.02690876577,0.148475719
T_1D_to_Ux_1D,65,0.325,0.1415381434,0.01965184882,0.03050231202,0.1218862946
T_1D_to_Ux_1D,66,0.33,0.1196895959,0.01995505495,0.028937463,0.09973454093
T_1D_to_Ux_1D,67,0.335,0.08017679889,0.01972046083,0.02687945933,0.06045633806
T_1D_to_Ux_1D,68,0.34,0.04367421033,0.0193859051,0.02848552628,0.02428830522
T_1D_to_Ux_1D,69,0.345,0.04926837181,0.02008297336,0.0308206397,0.02918539845
T_1D_to_Ux_1D,70,0.35,0.08603108532,0.01937727384,0.02800045023,0.06665381148
T_1D_to_Ux_1D,71,0.355,0.1191103135,0.01926533286,0.02647887176,0.0998449806
T_1D_to_Ux_1D,72,0.36,0.1235824912,0.01992255155,0.0294337851,0.1036599397
T_1D_to_Ux_1D,73,0.365,0.139317431,0.01983667421,0.02879700336,0.1194807568
T_1D_to_Ux_1D,74,0.37,0.13340237,0.0203747114,0.02951143897,0.1130276586
T_1D_to_Ux_1D,75,0.375,0.1482818142,0.01983839817,0.0285974504,0.128443416
T_1D_to_Ux_1D,76,0.38,0.1590072494,0.01919118117,0.0265170849,0.1398160682
T_1D_to_Ux_1D,77,0.385,0.1373055815,0.01911325006,0.02637306166,0.1181923315
T_1D_to_Ux_1D,78,0.39,0.1307458585,0.01944783175,0.02772820573,0.1112980267
T_1D_to_Ux_1D,79,0.395,0.1342104215,0.01992466343,0.02776271327,0.114285758
T_1D_to_Ux_1D,80,0.4,0.1235207311,0.02049037983,0.02860610979,0.1030303513
T_1D_to_Ux_1D,81,0.405,0.1245509253,0.01953874393,0.02831312522,0.1050121814
T_1D_to_Ux_1D,82,0.41,0.1117493195,0.01943794168,0.02923319959,0.09231137779
T_1D_to_Ux_1D,83,0.415,0.08259545766,0.01903776243,0.0270450757,0.06355769524
T_1D_to_Ux_1D,84,0.42,0.05811390245,0.01922454043,0.02690088767,0.03888936202
T_1D_to_Ux_1D,85,0.425,0.03472143422,0.01960894145,0.02922378908,0.01511249277
T_1D_to_Ux_1D,86,0.43,0.06957747158,0.0194477968,0.02714421383,0.05012967478
T_1D_to_Ux_1D,87,0.435,0.1035889917,0.01966451971,0.02659205025,0.08392447203
T_1D_to_Ux_1D,88,0.44,0.1181713139,0.01967050464,0.02840372719,0.09850080928
T_1D_to_Ux_1D,89,0.445,0.1167748751,0.01976079118,0.02943935502,0.09701408391
T_1D_to_Ux_1D,90,0.45,0.1137901907,0.01932798571,0.02822219514,0.09446220499
T_1D_to_Ux_1D,91,0.455,0.1254155507,0.02103570242,0.02956904094,0.1043798482
T_1D_to_Ux_1D,92,0.46,0.1259640501,0.02027314879,0.02939159117,0.1056909013
T_1D_to_Ux_1D,93,0.465,0.1245451952,0.02052118029,0.02892707386,0.104024015
T_1D_to_Ux_1D,94,0.47,0.1365629428,0.02033993322,0.02963005607,0.1162230096
T_1D_to_Ux_1D,95,0.475,0.1279932126,0.02044704456,0.0288364885,0.1075461681
T_1D_to_Ux_1D,96,0.48,0.1357330846,0.01986551244,0.02890437353,0.1158675721
T_1D_to_Ux_1D,97,0.485,0.1182947011,0.01967252141,0.02933136308,0.09862217969
T_1D_to_Ux_1D,98,0.49,0.1022463582,0.02025863393,0.02752569286,0.08198772429
T_1D_to_Ux_1D,99,0.495,0.07586387693,0.01979855302,0.02768891216,0.05606532391
T_1D_to_Ux_1D,100,0.5,0.0432955488,0.02080796535,0.0298158701,0.02248758345
T_1D_to_Ux_1D,101,0.505,0.04584312409,0.02004248134,0.02946867648,0.02580064275
T_1D_to_Ux_1D,102,0.51,0.08269934026,0.01996926158,0.02809300818,0.06273007868
T_1D_to_Ux_1D,103,0.515,0.1079548708,0.01961305941,0.02747223046,0.0883418114
T_1D_to_Ux_1D,104,0.52,0.1343295096,0.01964548729,0.02880197216,0.1146840223
T_1D_to_Ux_1D,105,0.525,0.144803696,0.02000667258,0.02814714367,0.1247970234
T_1D_to_Ux_1D,106,0.53,0.1395294354,0.01973112068,0.02728451857,0.1197983147
T_1D_to_Ux_1D,107,0.535,0.1418607159,0.02045819842,0.02841240515,0.1214025175
T_1D_to_Ux_1D,108,0.54,0.1577265302,0.02051022153,0.02855677333,0.1372163086
T_1D_to_Ux_1D,109,0.545,0.1396612749,0.02026369919,0.0303145696,0.1193975757
T_1D_to_Ux_1D,110,0.55,0.1325744423,0.01983747012,0.02857088021,0.1127369722
T_1D_to_Ux_1D,111,0.555,0.1392221902,0.01948909556,0.0263391484,0.1197330947
T_1D_to_Ux_1D,112,0.56,0.1333138421,0.02047585652,0.02954254404,0.1128379856
T_1D_to_Ux_1D,113,0.565,0.1313682036,0.02074711654,0.02863643474,0.110621087
T_1D_to_Ux_1D,114,0.57,0.1142490582,0.02065395951,0.02930191676,0.09359509869
T_1D_to_Ux_1D,115,0.575,0.07966776301,0.02038772705,0.0287355374,0.05928003596
T_1D_to_Ux_1D,116,0.58,0.05767923629,0.02031139362,0.0314904471,0.03736784267
T_1D_to_Ux_1D,117,0.585,0.02958984346,0.02028366262,0.02815360311,0.009306180837
T_1D_to_Ux_1D,118,0.59,0.06769669554,0.02007849889,0.02911153062,0.04761819665
T_1D_to_Ux_1D,119,0.595,0.08836608417,0.02040374208,0.02752175942,0.06796234208
T_1D_to_Ux_1D,120,0.6,0.1128080373,0.02000576691,0.02954136357,0.09280227037
Ux_3D_to_T_3D,1,0.005,0.3846241731,0.02919968066,0.03851313426,0.3554244924
Ux_3D_to_T_3D,2,0.01,0.2848185222,0.0280868402,0.0371567654,0.256731682
Ux_3D_to_T_3D,3,0.015,0.210973061,0.02726546227,0.03657396202,0.1837075987
Ux_3D_to_T_3D,4,0.02,0.1056641283,0.02886756076,0.03821840707,0.07679656756
Ux_3D_to_T_3D,5,0.025,0.1987950433,0.02819741146,0.03558260598,0.1705976319
Ux_3D_to_T_3D,6,0.03,0.3042718793,0.02877834499,0.03927980712,0.2754935344
Ux_3D_to_T_3D,7,0.035,0.32937661,0.02957223538,0.03983206817,0.2998043746
Ux_3D_to_T_3D,8,0.04,0.3234637925,0.02933934518,0.03959072425,0.2941244474
Ux_3D_to_T_3D,9,0.045,0.2994890776,0.02831767777,0.03732287302,0.2711713998
Ux_3D_to_T_3D,10,0.05,0.2645163261,0.02824654819,0.03946549636,0.2362697779
Ux_3D_to_T_3D,11,0.055,0.2644039376,0.02811871677,0.0377940562,0.2362852208
Ux_3D_to_T_3D,12,0.06,0.2496629461,0.0282637092,0.03634625456,0.2213992369
Ux_3D_to_T_3D,13,0.065,0.2381183332,0.02870528128,0.03831487817,0.2094130519
Ux_3D_to_T_3D,14,0.07,0.1767371403,0.02894095017,0.03847185064,0.1477961901
Ux_3D_to_T_3D,15,0.075,0.2047366616,0.02827962605,0.0400493034,0.1764570355
Ux_3D_to_T_3D,16,0.08,0.278508566,0.02887466854,0.04052196506,0.2496338974
Ux_3D_to_T_3D,17,0.085,0.3288900329,0.02915219323,0.03795604476,0.2997378396
Ux_3D_to_T_3D,18,0.09,0.3034479583,0.02820084288,0.03776666698,0.2752471154
Ux_3D_to_T_3D,19,0.095,0.3224369316,0.02942557222,0.03861299595,0.2930113593
Ux_3D_to_T_3D,20,0.1,0.2320891019,0.02792079636,0.03475838577,0.2041683056
Ux_3D_to_T_3D,21,0.105,0.1842640303,0.02864814834,0.03712966464,0.1556158819
Ux_3D_to_T_3D,22,0.11,0.3164202578,0.02888479903,0.03687841783,0.2875354588
Ux_3D_to_T_3D,23,0.115,0.2727514071,0.02944980648,0.03951574601,0.2433016006
Ux_3D_to_T_3D,24,0.12,0.2375641246,0.02936222471,0.04028059672,0.2082018999
Ux_3D_to_T_3D,25,0.125,0.2938836973,0.02969930085,0.03989630272,0.2641843964
Ux_3D_to_T_3D,26,0.13,0.2850079473,0.02901077909,0.03776994706,0.2559971682
Ux_3D_to_T_3D,27,0.135,0.3526082056,0.02829931035,0.03743954773,0.3243088952
Ux_3D_to_T_3D,28,0.14,0.3878028414,0.02915876886,0.03782302443,0.3586440725
Ux_3D_to_T_3D,29,0.145,0.3986741545,0.02934545899,0.0384737616,0.3693286955
Ux_3D_to_T_3D,30,0.15,0.3508836348,0.02988013953,0.04057397137,0.3210034953
Ux_3D_to_T_3D,31,0.155,0.3240110522,0.02940096728,0.03873579778,0.294610085
Ux_3D_to_T_3D,32,0.16,0.3283132616,0.02960780763,0.03865653907,0.298705454
Ux_3D_to_T_3D,33,0.165,0.3352033293,0.02933974963,0.03829426973,0.3058635797
Ux_3D_to_T_3D,34,0.17,0.2713052693,0.02874025679,0.03719630815,0.2425650125
Ux_3D_to_T_3D,35,0.175,0.2129745324,0.03013787874,0.03969115234,0.1828366536
Ux_3D_to_T_3D,36,0.18,0.1121076528,0.02898564094,0.036704146,0.08312201183
Ux_3D_to_T_3D,37,0.185,0.1511796956,0.03050244579,0.04208225175,0.1206772498
Ux_3D_to_T_3D,38,0.19,0.2743912927,0.02978618461,0.04043005966,0.2446051081
Ux_3D_to_T_3D,39,0.195,0.3302225139,0.03028968083,0.04115980932,0.2999328331
Ux_3D_to_T_3D,40,0.2,0.3306049665,0.02885739356,0.03752015343,0.3017475729
Ux_3D_to_T_3D,41,0.205,0.3132199787,0.02904254922,0.03910017462,0.2841774295
Ux_3D_to_T_3D,42,0.21,0.2750484486,0.02852723354,0.03900687636,0.2465212151
Ux_3D_to_T_3D,43,0.215,0.2806564992,0.02923559254,0.03876699456,0.2514209067
Ux_3D_to_T_3D,44,0.22,0.2556024041,0.02845113569,0.03780913051,0.2271512684
Ux_3D_to_T_3D,45,0.225,0.2408914114,0.02904516483,0.04019394598,0.2118462465
Ux_3D_to_T_3D,46,0.23,0.1968988461,0.03080137204,0.04238079709,0.166097474
Ux_3D_to_T_3D,47,0.235,0.1809640572,0.02918955758,0.04046066479,0.1517744996
Ux_3D_to_T_3D,48,0.24,0.2628271437,0.03003165882,0.04054303332,0.2327954849
Ux_3D_to_T_3D,49,0.245,0.3164942516,0.02889311218,0.03877381867,0.2876011395
Ux_3D_to_T_3D,50,0.25,0.2854193541,0.02933805043,0.03734956913,0.2560813036
Ux_3D_to_T_3D,51,0.255,0.2869827226,0.02894151176,0.03854410487,0.2580412109
Ux_3D_to_T_3D,52,0.26,0.2347840469,0.03015713168,0.04011669168,0.2046269152
Ux_3D_to_T_3D,53,0.265,0.1701059869,0.02968518268,0.03929803541,0.1404208042
Ux_3D_to_T_3D,54,0.27,0.2603295146,0.0300588749,0.04026172645,0.2302706397
Ux_3D_to_T_3D,55,0.275,0.2495084362,0.02877185175,0.03845560243,0.2207365845
Ux_3D_to_T_3D,56,0.28,0.2187010242,0.03010701145,0.04098527299,0.1885940127
Ux_3D_to_T_3D,57,0.285,0.2532076905,0.03034733158,0.04278405448,0.2228603589
Ux_3D_to_T_3D,58,0.29,0.257422362,0.02950031409,0.04059623633,0.227922048
Ux_3D_to_T_3D,59,0.295,0.3016141203,0.03010387089,0.0402010847,0.2715102494
Ux_3D_to_T_3D,60,0.3,0.322643886,0.0297365022,0.03802886271,0.2929073838
Ux_3D_to_T_3D,61,0.305,0.3524699792,0.03046303586,0.04141833013,0.3220069433
Ux_3D_to_T_3D,62,0.31,0.3274275296,0.02906224053,0.03762013494,0.2983652891
Ux_3D_to_T_3D,63,0.315,0.323421256,0.03037577179,0.03978372291,0.2930454842
Ux_3D_to_T_3D,64,0.32,0.3219897923,0.02923939435,0.03823310088,0.2927503979
Ux_3D_to_T_3D,65,0.325,0.3145782424,0.03041003055,0.03904563662,0.2841682118
Ux_3D_to_T_3D,66,0.33,0.2533808211,0.03087784412,0.03988100334,0.222502977
Ux_3D_to_T_3D,67,0.335,0.2174339027,0.02966340511,0.04018280431,0.1877704975
Ux_3D_to_T_3D,68,0.34,0.1257393294,0.02989769379,0.04034469795,0.09584163563
Ux_3D_to_T_3D,69,0.345,0.1329916928,0.0301496982,0.04002207847,0.1028419946
Ux_3D_to_T_3D,70,0.35,0.2474513919,0.03096837079,0.04324711098,0.2164830211
Ux_3D_to_T_3D,71,0.355,0.3008403829,0.03052995931,0.04143027527,0.2703104235
Ux_3D_to_T_3D,72,0.36,0.3015425901,0.03086807145,0.0417990347,0.2706745186
Ux_3D_to_T_3D,73,0.365,0.2893094144,0.03011768873,0.04059831401,0.2591917256
Ux_3D_to_T_3D,74,0.37,0.2466746994,0.02911465817,0.03945255237,0.2175600413
Ux_3D_to_T_3D,75,0.375,0.221543443,0.03043436753,0.04425310436,0.1911090754
Ux_3D_to_T_3D,76,0.38,0.245918517,0.03003285159,0.04134837491,0.2158856654
Ux_3D_to_T_3D,77,0.385,0.2168556878,0.03024619329,0.04083851728,0.1866094945
Ux_3D_to_T_3D,78,0.39,0.1716069414,0.03112079995,0.04202531488,0.1404861415
Ux_3D_to_T_3D,79,0.395,0.1789465997,0.03048076652,0.04121413859,0.1484658331
Ux_3D_to_T_3D,80,0.4,0.2585023509,0.03058174056,0.04006999269,0.2279206104
Ux_3D_to_T_3D,81,0.405,0.3368687454,0.03011829266,0.03889288402,0.3067504528
Ux_3D_to_T_3D,82,0.41,0.2875530135,0.03055106103,0.04143508152,0.2570019524
Ux_3D_to_T_3D,83,0.415,0.3058151524,0.03098071231,0.04122305846,0.2748344401
Ux_3D_to_T_3D,84,0.42,0.2156305073,0.02977795056,0.0380397656,0.1858525568
Ux_3D_to_T_3D,85,0.425,0.1604807021,0.03026723089,0.0396829217,0.1302134712
Ux_3D_to_T_3D,86,0.43,0.2403190515,0.03051535432,0.03898512845,0.2098036972
Ux_3D_to_T_3D,87,0.435,0.246356539,0.03038658494,0.04143604934,0.215969954
Ux_3D_to_T_3D,88,0.44,0.204804139,0.03009107585,0.0389237433,0.1747130631
Ux_3D_to_T_3D,89,0.445,0.2301180313,0.02989054938,0.04215175672,0.200227482
Ux_3D_to_T_3D,90,0.45,0.2556053927,0.03026569729,0.04005154821,0.2253396954
Ux_3D_to_T_3D,91,0.455,0.2800830582,0.03027193641,0.04037209086,0.2498111218
Ux_3D_to_T_3D,92,0.46,0.3212545375,0.03026310063,0.03906791146,0.2909914369
Ux_3D_to_T_3D,93,0.465,0.3589521997,0.03015827202,0.03845610668,0.3287939277
Ux_3D_to_T_3D,94,0.47,0.3345066638,0.03039908291,0.03947421991,0.3041075809
Ux_3D_to_T_3D,95,0.475,0.3088643103,0.03080849317,0.04108477901,0.2780558171
Ux_3D_to_T_3D,96,0.48,0.2892327838,0.02987302755,0.04114496039,0.2593597563
Ux_3D_to_T_3D,97,0.485,0.3097959879,0.0306095574,0.03914025126,0.2791864305
Ux_3D_to_T_3D,98,0.49,0.2619877132,0.03021312528,0.04050305269,0.2317745879
Ux_3D_to_T_3D,99,0.495,0.2063486211,0.03061279119,0.04010951981,0.1757358299
Ux_3D_to_T_3D,100,0.5,0.1360935861,0.02998966514,0.0393493783,0.106103921
Ux_3D_to_T_3D,101,0.505,0.08348684253,0.03023667588,0.0402856503,0.05325016665
Ux_3D_to_T_3D,102,0.51,0.2056939429,0.0301812519,0.03988349944,0.175512691
Ux_3D_to_T_3D,103,0.515,0.2746960268,0.03096902826,0.04270950271,0.2437269985
Ux_3D_to_T_3D,104,0.52,0.2797041773,0.03004041788,0.03975657075,0.2496637594
Ux_3D_to_T_3D,105,0.525,0.268555332,0.03117764567,0.0428898954,0.2373776864
Ux_3D_to_T_3D,106,0.53,0.2374398714,0.03080791462,0.04049016536,0.2066319568
Ux_3D_to_T_3D,107,0.535,0.2217978569,0.03203313668,0.04257432944,0.1897647202
Ux_3D_to_T_3D,108,0.54,0.2801053142,0.03108224497,0.04035098739,0.2490230693
Ux_3D_to_T_3D,109,0.545,0.241570082,0.03193817431,0.04289796047,0.2096319077
Ux_3D_to_T_3D,110,0.55,0.191773299,0.03099847585,0.04238606771,0.1607748232
Ux_3D_to_T_3D,111,0.555,0.1763928139,0.03076224609,0.039916457,0.1456305678
Ux_3D_to_T_3D,112,0.56,0.2320519823,0.03099564009,0.04076390166,0.2010563422
Ux_3D_to_T_3D,113,0.565,0.2831801482,0.03045845661,0.04134353654,0.2527216916
Ux_3D_to_T_3D,114,0.57,0.2663343726,0.03080350791,0.04338015888,0.2355308647
Ux_3D_to_T_3D,115,0.575,0.2810115366,0.03089713408,0.04264233144,0.2501144025
Ux_3D_to_T_3D,116,0.58,0.2263306532,0.03049172457,0.03935701325,0.1958389286
Ux_3D_to_T_3D,117,0.585,0.1541404773,0.03163138492,0.04272837938,0.1225090924
Ux_3D_to_T_3D,118,0.59,0.19172417,0.03161206599,0.04217026345,0.160112104
Ux_3D_to_T_3D,119,0.595,0.2355580118,0.03064717064,0.04098681706,0.2049108412
Ux_3D_to_T_3D,120,0.6,0.1980942334,0.03148319321,0.04223022083,0.1666110402
T_3D_to_Ux_3D,1,0.005,0.3021221211,0.02346315182,0.03090089099,0.2786589693
T_3D_to_Ux_3D,2,0.01,0.2970766077,0.02274318484,0.03059670547,0.2743334228
T_3D_to_Ux_3D,3,0.015,0.2505731382,0.02437031883,0.03301481689,0.2262028194
T_3D_to_Ux_3D,4,0.02,0.2610735404,0.02319723497,0.03087534891,0.2378763054
T_3D_to_Ux_3D,5,0.025,0.2989871186,0.0227715057,0.03038087498,0.2762156129
T_3D_to_Ux_3D,6,0.03,0.3507607897,0.02430736956,0.03340014406,0.3264534201
T_3D_to_Ux_3D,7,0.035,0.364238454,0.02359888194,0.03080104833,0.340639572
T_3D_to_Ux_3D,8,0.04,0.3095528309,0.02361678738,0.03159531906,0.2859360435
T_3D_to_Ux_3D,9,0.045,0.2968929357,0.02379924727,0.03150948473,0.2730936884
T_3D_to_Ux_3D,10,0.05,0.2246140768,0.02361483183,0.03083046318,0.200999245
T_3D_to_Ux_3D,11,0.055,0.1834640327,0.02365391594,0.03147410096,0.1598101168
T_3D_to_Ux_3D,12,0.06,0.2848073393,0.02413192069,0.03152236124,0.2606754186
T_3D_to_Ux_3D,13,0.065,0.2616812823,0.02320681136,0.03025978548,0.2384744709
T_3D_to_Ux_3D,14,0.07,0.2086513763,0.02330599487,0.03301269202,0.1853453815
T_3D_to_Ux_3D,15,0.075,0.2327183278,0.02277165994,0.03038343583,0.2099466678
T_3D_to_Ux_3D,16,0.08,0.2144597864,0.02412087004,0.03284365596,0.1903389164
T_3D_to_Ux_3D,17,0.085,0.1998344946,0.0230364075,0.03080625284,0.1767980871
T_3D_to_Ux_3D,18,0.09,0.277726379,0.02378439296,0.03197005754,0.253941986
T_3D_to_Ux_3D,19,0.095,0.2846729302,0.02416451796,0.03273101865,0.2605084123
T_3D_to_Ux_3D,20,0.1,0.2278604106,0.02436862072,0.03026381976,0.2034917898
T_3D_to_Ux_3D,21,0.105,0.2068275298,0.02345284956,0.03280712109,0.1833746802
T_3D_to_Ux_3D,22,0.11,0.1990056588,0.02462454681,0.03183119745,0.174381112
T_3D_to_Ux_3D,23,0.115,0.2793188878,0.02462545339,0.03273728511,0.2546934344
T_3D_to_Ux_3D,24,0.12,0.2702242256,0.02286397887,0.03105011972,0.2473602467
T_3D_to_Ux_3D,25,0.125,0.3057511914,0.02459942253,0.0344865389,0.2811517689
T_3D_to_Ux_3D,26,0.13,0.3583826381,0.02474441752,0.03224580887,0.3336382205
T_3D_to_Ux_3D,27,0.135,0.3871995929,0.0235286985,0.03206868412,0.3636708944
T_3D_to_Ux_3D,28,0.14,0.3602522644,0.02417184232,0.03312037732,0.3360804221
T_3D_to_Ux_3D,29,0.145,0.2961739938,0.02419886357,0.03272515884,0.2719751303
T_3D_to_Ux_3D,30,0.15,0.1634155158,0.02426551759,0.03288591172,0.1391499982
T_3D_to_Ux_3D,31,0.155,0.2198827969,0.02387396776,0.03269190271,0.1960088292
T_3D_to_Ux_3D,32,0.16,0.2457548409,0.0235154489,0.03443735604,0.222239392
T_3D_to_Ux_3D,33,0.165,0.267468735,0.02441617524,0.03254749968,0.2430525598
T_3D_to_Ux_3D,34,0.17,0.2630674355,0.02376945744,0.03296702806,0.2392979781
T_3D_to_Ux_3D,35,0.175,0.2146352018,0.02455958179,0.03351177037,0.19007562
T_3D_to_Ux_3D,36,0.18,0.2376261194,0.02429566586,0.03104186574,0.2133304535
T_3D_to_Ux_3D,37,0.185,0.2771829708,0.02436597492,0.03194798072,0.2528169959
T_3D_to_Ux_3D,38,0.19,0.3440619459,0.02491506807,0.0327543802,0.3191468778
T_3D_to_Ux_3D,39,0.195,0.3499461292,0.02416280218,0.03212406873,0.325783327
T_3D_to_Ux_3D,40,0.2,0.3073041585,0.02424633857,0.03297805782,0.2830578199
T_3D_to_Ux_3D,41,0.205,0.3238044466,0.02394031813,0.03218303288,0.2998641285
T_3D_to_Ux_3D,42,0.21,0.2440213455,0.02374268461,0.03229118182,0.2202786609
T_3D_to_Ux_3D,43,0.215,0.229935169,0.02448850004,0.03214396572,0.2054466689
T_3D_to_Ux_3D,44,0.22,0.3039119082,0.0263257143,0.03526070099,0.2775861939
T_3D_to_Ux_3D,45,0.225,0.2739329614,0.0245164901,0.03199979434,0.2494164713
T_3D_to_Ux_3D,46,0.23,0.2308190951,0.02392348584,0.03261528873,0.2068956093
T_3D_to_Ux_3D,47,0.235,0.242921977,0.02356917643,0.03268394388,0.2193528006
T_3D_to_Ux_3D,48,0.24,0.2390704898,0.02420305177,0.03397701561,0.214867438
T_3D_to_Ux_3D,49,0.245,0.1888259471,0.02393717516,0.03385716688,0.164888772
T_3D_to_Ux_3D,50,0.25,0.2715012065,0.02469039754,0.03217801394,0.246810809
T_3D_to_Ux_3D,51,0.255,0.290030205,0.02535376882,0.03636543336,0.2646764362
T_3D_to_Ux_3D,52,0.26,0.2550935362,0.02504383934,0.03288156609,0.2300496968
T_3D_to_Ux_3D,53,0.265,0.2313858768,0.02504719403,0.03264127518,0.2063386828
T_3D_to_Ux_3D,54,0.27,0.1838083127,0.02433467648,0.03591422869,0.1594736362
T_3D_to_Ux_3D,55,0.275,0.2618549546,0.02413696583,0.03264844467,0.2377179888
T_3D_to_Ux_3D,56,0.28,0.2993815276,0.0250191506,0.03337930428,0.274362377
T_3D_to_Ux_3D,57,0.285,0.275111466,0.02381731378,0.03289983698,0.2512941522
T_3D_to_Ux_3D,58,0.29,0.3307728923,0.02381882949,0.03201912788,0.3069540628
T_3D_to_Ux_3D,59,0.295,0.377402668,0.02413965287,0.03230209666,0.3532630151
T_3D_to_Ux_3D,60,0.3,0.357143236,0.02499895547,0.03512218554,0.3321442805
T_3D_to_Ux_3D,61,0.305,0.3148943364,0.02403047043,0.03164308766,0.2908638659
T_3D_to_Ux_3D,62,0.31,0.1857649994,0.02423549544,0.03129382254,0.161529504
T_3D_to_Ux_3D,63,0.315,0.228333723,0.02417821105,0.03122100759,0.204155512
T_3D_to_Ux_3D,64,0.32,0.2523867746,0.02457930021,0.03164036188,0.2278074743
T_3D_to_Ux_3D,65,0.325,0.2687717167,0.02466839706,0.03314986738,0.2441033197
T_3D_to_Ux_3D,66,0.33,0.2754755189,0.02523127858,0.03164189093,0.2502442403
T_3D_to_Ux_3D,67,0.335,0.2340149642,0.02464972576,0.03418283615,0.2093652385
T_3D_to_Ux_3D,68,0.34,0.2424418237,0.02508546525,0.03461127134,0.2173563585
T_3D_to_Ux_3D,69,0.345,0.2584692723,0.02531404979,0.03399541747,0.2331552225
T_3D_to_Ux_3D,70,0.35,0.3309203934,0.02561080527,0.03382048435,0.3053095881
T_3D_to_Ux_3D,71,0.355,0.3449160659,0.02479844737,0.03233025804,0.3201176185
T_3D_to_Ux_3D,72,0.36,0.2980049998,0.02484954029,0.03253436198,0.2731554595
T_3D_to_Ux_3D,73,0.365,0.2886118514,0.02564390018,0.03595112848,0.2629679512
T_3D_to_Ux_3D,74,0.37,0.2304942132,0.02536737391,0.03406055202,0.2051268393
T_3D_to_Ux_3D,75,0.375,0.2068723749,0.02538343969,0.03310213841,0.1814889352
T_3D_to_Ux_3D,76,0.38,0.2465743251,0.02556212816,0.0337152127,0.221012197
T_3D_to_Ux_3D,77,0.385,0.2579601724,0.02481820934,0.03332906054,0.2331419631
T_3D_to_Ux_3D,78,0.39,0.2245702097,0.02503434245,0.03311229897,0.1995358673
T_3D_to_Ux_3D,79,0.395,0.2347510949,0.02519384821,0.03197801729,0.2095572467
T_3D_to_Ux_3D,80,0.4,0.234159109,0.0242318089,0.03059292595,0.2099273001
T_3D_to_Ux_3D,81,0.405,0.1756702899,0.02520840559,0.03408666662,0.1504618843
T_3D_to_Ux_3D,82,0.41,0.236786756,0.0253626008,0.03377090672,0.2114241552
T_3D_to_Ux_3D,83,0.415,0.2711119529,0.02437966322,0.03204463141,0.2467322897
T_3D_to_Ux_3D,84,0.42,0.2276596372,0.02518132907,0.0330558988,0.2024783081
T_3D_to_Ux_3D,85,0.425,0.2102676912,0.02547012456,0.03328370085,0.1847975666
T_3D_to_Ux_3D,86,0.43,0.156095698,0.02561188676,0.03454018643,0.1304838113
T_3D_to_Ux_3D,87,0.435,0.2438770436,0.02560143887,0.03274156201,0.2182756047
T_3D_to_Ux_3D,88,0.44,0.2958611205,0.02546574385,0.03619254566,0.2703953767
T_3D_to_Ux_3D,89,0.445,0.2576425297,0.02520013045,0.03340633559,0.2324423992
T_3D_to_Ux_3D,90,0.45,0.3056034142,0.02554788889,0.03465926552,0.2800555253
T_3D_to_Ux_3D,91,0.455,0.325625787,0.02500650195,0.03261957217,0.3006192851
T_3D_to_Ux_3D,92,0.46,0.3309771248,0.02442454013,0.0322314719,0.3065525847
T_3D_to_Ux_3D,93,0.465,0.3152334165,0.02482802541,0.03471967678,0.2904053911
T_3D_to_Ux_3D,94,0.47,0.1984270215,0.02528555973,0.03418474163,0.1731414618
T_3D_to_Ux_3D,95,0.475,0.1623478892,0.02452203088,0.03242788074,0.1378258583
T_3D_to_Ux_3D,96,0.48,0.2216605797,0.02569744962,0.03425854375,0.1959631301
T_3D_to_Ux_3D,97,0.485,0.2392997665,0.02488983066,0.03426246864,0.2144099359
T_3D_to_Ux_3D,98,0.49,0.2277195568,0.02581017754,0.03409348685,0.2019093793
T_3D_to_Ux_3D,99,0.495,0.2225008598,0.02509173688,0.03279343091,0.1974091229
T_3D_to_Ux_3D,100,0.5,0.2073433897,0.02549148434,0.03427664405,0.1818519054
T_3D_to_Ux_3D,101,0.505,0.2367779614,0.02523029242,0.03274228952,0.2115476689
T_3D_to_Ux_3D,102,0.51,0.2939096508,0.02532264925,0.0343892671,0.2685870016
T_3D_to_Ux_3D,103,0.515,0.3207423729,0.02463133126,0.03362121957,0.2961110416
T_3D_to_Ux_3D,104,0.52,0.2707136255,0.02620745727,0.0375487721,0.2445061682
T_3D_to_Ux_3D,105,0.525,0.2621834603,0.0258501785,0.03353877036,0.2363332818
T_3D_to_Ux_3D,106,0.53,0.2052275568,0.02528256609,0.03380323403,0.1799449907
T_3D_to_Ux_3D,107,0.535,0.2049150988,0.02550514616,0.03542590016,0.1794099527
T_3D_to_Ux_3D,108,0.54,0.2183403433,0.02516390396,0.03387007238,0.1931764393
T_3D_to_Ux_3D,109,0.545,0.2491417237,0.02557998824,0.03548851068,0.2235617354
T_3D_to_Ux_3D,110,0.55,0.2272450075,0.02597699202,0.03484695281,0.2012680155
T_3D_to_Ux_3D,111,0.555,0.2260561303,0.02597398149,0.03647351948,0.2000821489
T_3D_to_Ux_3D,112,0.56,0.2543782847,0.0247316783,0.03318081366,0.2296466064
T_3D_to_Ux_3D,113,0.565,0.1667988813,0.02519246117,0.03337588487,0.1416064201
T_3D_to_Ux_3D,114,0.57,0.2359992293,0.0255067191,0.03399592853,0.2104925102
T_3D_to_Ux_3D,115,0.575,0.2493270912,0.02500005997,0.0341162852,0.2243270312
T_3D_to_Ux_3D,116,0.58,0.2226384625,0.02529293658,0.03452686325,0.1973455259
T_3D_to_Ux_3D,117,0.585,0.2126644829,0.02616429018,0.0353623582,0.1865001927
T_3D_to_Ux_3D,118,0.59,0.1624011106,0.02569371103,0.03694061792,0.1367073996
T_3D_to_Ux_3D,119,0.595,0.2167069081,0.02613383416,0.03465765689,0.1905730739
T_3D_to_Ux_3D,120,0.6,0.2753166764,0.02585227583,0.03327961395,0.2494644006
Uy_1D_to_T_1D,1,0.005,0.1994067578,0.01814850017,0.02611377976,0.1812582576
Uy_1D_to_T_1D,2,0.01,0.2071936303,0.0194446976,0.02695193619,0.1877489327
Uy_1D_to_T_1D,3,0.015,0.1991587805,0.01779911673,0.02498965263,0.1813596638
Uy_1D_to_T_1D,4,0.02,0.1761578196,0.01854119787,0.02726854504,0.1576166218
Uy_1D_to_T_1D,5,0.025,0.1784111663,0.01891449567,0.02718540643,0.1594966707
Uy_1D_to_T_1D,6,0.03,0.176311263,0.01864555722,0.02682625856,0.1576657058
Uy_1D_to_T_1D,7,0.035,0.1663696453,0.01921772432,0.0269817515,0.147151921
Uy_1D_to_T_1D,8,0.04,0.1428913735,0.01843990173,0.02789309723,0.1244514717
Uy_1D_to_T_1D,9,0.045,0.1269264477,0.01892840776,0.02762502668,0.10799804
Uy_1D_to_T_1D,10,0.05,0.07198658772,0.01955632913,0.02729368943,0.05243025859
Uy_1D_to_T_1D,11,0.055,0.07898897672,0.01942911592,0.02750387325,0.0595598608
Uy_1D_to_T_1D,12,0.06,0.1067830942,0.01882073885,0.02729588253,0.08796235539
Uy_1D_to_T_1D,13,0.065,0.1644609979,0.01908000789,0.02803773652,0.14538099
Uy_1D_to_T_1D,14,0.07,0.1745559787,0.01959549568,0.03081968488,0.154960483
Uy_1D_to_T_1D,15,0.075,0.1884615773,0.01838390865,0.02506113015,0.1700776686
Uy_1D_to_T_1D,16,0.08,0.1976454796,0.01994471645,0.02931944353,0.1777007632
Uy_1D_to_T_1D,17,0.085,0.2022813534,0.01882024559,0.02588897866,0.1834611078
Uy_1D_to_T_1D,18,0.09,0.2161025237,0.01889474158,0.02780862327,0.1972077821
Uy_1D_to_T_1D,19,0.095,0.191644393,0.01975267949,0.02930315383,0.1718917135
Uy_1D_to_T_1D,20,0.1,0.1829827449,0.01866893054,0.0274763759,0.1643138144
Uy_1D_to_T_1D,21,0.105,0.1753161873,0.02012892044,0.02892533732,0.1551872668
Uy_1D_to_T_1D,22,0.11,0.1777035295,0.01851898873,0.0262768662,0.1591845407
Uy_1D_to_T_1D,23,0.115,0.1659526073,0.01876380203,0.02732557951,0.1471888052
Uy_1D_to_T_1D,24,0.12,0.1378420948,0.01826423078,0.02723091081,0.119577864
Uy_1D_to_T_1D,25,0.125,0.1283877647,0.01941485841,0.02758822274,0.1089729063
Uy_1D_to_T_1D,26,0.13,0.07472189595,0.01939275466,0.02819690412,0.05532914128
Uy_1D_to_T_1D,27,0.135,0.06625771549,0.01969436873,0.02809743878,0.04656334677
Uy_1D_to_T_1D,28,0.14,0.1023573939,0.01906434572,0.02856551997,0.08329304816
Uy_1D_to_T_1D,29,0.145,0.143334855,0.0196397313,0.02907213569,0.1236951237
Uy_1D_to_T_1D,30,0.15,0.172764159,0.01883960236,0.02564106066,0.1539245567
Uy_1D_to_T_1D,31,0.155,0.1932142591,0.01818873768,0.02770090564,0.1750255215
Uy_1D_to_T_1D,32,0.16,0.1977766077,0.01949875858,0.02845669412,0.1782778491
Uy_1D_to_T_1D,33,0.165,0.2041744885,0.01957968934,0.02967754086,0.1845947992
Uy_1D_to_T_1D,34,0.17,0.2160038571,0.01886969401,0.0271614548,0.1971341631
Uy_1D_to_T_1D,35,0.175,0.1935856323,0.01889520772,0.02866812952,0.1746904246
Uy_1D_to_T_1D,36,0.18,0.1828816237,0.01827003856,0.02897394152,0.1646115851
Uy_1D_to_T_1D,37,0.185,0.1854733807,0.01961046684,0.02753905317,0.1658629139
Uy_1D_to_T_1D,38,0.19,0.1761880634,0.01922958792,0.02758865898,0.1569584755
Uy_1D_to_T_1D,39,0.195,0.1643193562,0.01936255329,0.02853283868,0.1449568029
Uy_1D_to_T_1D,40,0.2,0.1534535948,0.01952806281,0.02858489029,0.133925532
Uy_1D_to_T_1D,41,0.205,0.1426825384,0.0197112815,0.02815687356,0.1229712569
Uy_1D_to_T_1D,42,0.21,0.0806233029,0.01945456577,0.0287025969,0.06116873713
Uy_1D_to_T_1D,43,0.215,0.05439814644,0.01894879791,0.02728909924,0.03544934853
Uy_1D_to_T_1D,44,0.22,0.0956503607,0.01975406793,0.02763753716,0.07589629277
Uy_1D_to_T_1D,45,0.225,0.1521197741,0.01836321034,0.02785147045,0.1337565638
Uy_1D_to_T_1D,46,0.23,0.1639937783,0.01920400521,0.02708982208,0.1447897731
Uy_1D_to_T_1D,47,0.235,0.1785934287,0.01970226837,0.02801911781,0.1588911604
Uy_1D_to_T_1D,48,0.24,0.1985295291,0.01905761722,0.0266653789,0.1794719119
Uy_1D_to_T_1D,49,0.245,0.1979137721,0.01998813876,0.02830029427,0.1779256333
Uy_1D_to_T_1D,50,0.25,0.2069479897,0.02022029039,0.02969476661,0.1867276993
Uy_1D_to_T_1D,51,0.255,0.1896061408,0.02067997952,0.02968298371,0.1689261613
Uy_1D_to_T_1D,52,0.26,0.1920693931,0.01842763151,0.02670075047,0.1736417616
Uy_1D_to_T_1D,53,0.265,0.1875578777,0.02011150614,0.02837767411,0.1674463715
Uy_1D_to_T_1D,54,0.27,0.1727259894,0.01993540613,0.02862057986,0.1527905833
Uy_1D_to_T_1D,55,0.275,0.1817581491,0.02049448893,0.03057630802,0.1612636602
Uy_1D_to_T_1D,56,0.28,0.1442534803,0.01961935643,0.0298959899,0.1246341239
Uy_1D_to_T_1D,57,0.285,0.139449196,0.01946984084,0.02735168654,0.1199793551
Uy_1D_to_T_1D,58,0.29,0.08343213564,0.01968000532,0.0280615087,0.06375213032
Uy_1D_to_T_1D,59,0.295,0.05826077804,0.01840112898,0.02692020492,0.03985964906
Uy_1D_to_T_1D,60,0.3,0.08462386207,0.02059212813,0.02913911061,0.06403173394
Uy_1D_to_T_1D,61,0.305,0.1312037193,0.01975639256,0.03101722686,0.1114473267
Uy_1D_to_T_1D,62,0.31,0.1559505291,0.01924606316,0.02830215367,0.136704466
Uy_1D_to_T_1D,63,0.315,0.176554383,0.01954231754,0.0280989699,0.1570120655
Uy_1D_to_T_1D,64,0.32,0.1828242356,0.02021075817,0.02856838164,0.1626134774
Uy_1D_to_T_1D,65,0.325,0.1976964431,0.01895764044,0.02816173603,0.1787388027
Uy_1D_to_T_1D,66,0.33,0.2089978484,0.01967635301,0.02664625414,0.1893214954
Uy_1D_to_T_1D,67,0.335,0.1938774722,0.02046316498,0.03022776738,0.1734143073
Uy_1D_to_T_1D,68,0.34,0.1820194829,0.01977645566,0.027786852,0.1622430273
Uy_1D_to_T_1D,69,0.345,0.1924457339,0.01998968249,0.02781397963,0.1724560514
Uy_1D_to_T_1D,70,0.35,0.1733397375,0.01959246954,0.02752843892,0.153747268
Uy_1D_to_T_1D,71,0.355,0.1761197141,0.01898762451,0.02680274255,0.1571320896
Uy_1D_to_T_1D,72,0.36,0.1677469849,0.02008432696,0.02806350099,0.1476626579
Uy_1D_to_T_1D,73,0.365,0.1486012603,0.01929425553,0.02784834168,0.1293070047
Uy_1D_to_T_1D,74,0.37,0.0929403073,0.01953684102,0.03044888573,0.07340346627
Uy_1D_to_T_1D,75,0.375,0.06440175573,0.01949831444,0.02891824831,0.04490344129
Uy_1D_to_T_1D,76,0.38,0.07901034844,0.01997737484,0.02676914712,0.0590329736
Uy_1D_to_T_1D,77,0.385,0.1272569032,0.0197633901,0.02661015287,0.1074935131
Uy_1D_to_T_1D,78,0.39,0.1589739489,0.0203784207,0.02975039238,0.1385955282
Uy_1D_to_T_1D,79,0.395,0.1722785172,0.01945729488,0.02799286086,0.1528212224
Uy_1D_to_T_1D,80,0.4,0.1919390214,0.02068239297,0.02810241334,0.1712566285
Uy_1D_to_T_1D,81,0.405,0.1905194088,0.02016009573,0.02860503789,0.1703593131
Uy_1D_to_T_1D,82,0.41,0.193566958,0.02037390096,0.02863839284,0.173193057
Uy_1D_to_T_1D,83,0.415,0.1940609562,0.02025428309,0.02895480242,0.1738066731
Uy_1D_to_T_1D,84,0.42,0.1810504612,0.02034315689,0.03006016148,0.1607073043
Uy_1D_to_T_1D,85,0.425,0.1870524844,0.02105640167,0.03172929852,0.1659960827
Uy_1D_to_T_1D,86,0.43,0.1709077737,0.01993043597,0.02897280185,0.1509773377
Uy_1D_to_T_1D,87,0.435,0.1750749863,0.01995447261,0.02723552137,0.1551205136
Uy_1D_to_T_1D,88,0.44,0.1570024628,0.01991903406,0.02833295898,0.1370834287
Uy_1D_to_T_1D,89,0.445,0.1329182135,0.02034995455,0.02960994072,0.1125682589
Uy_1D_to_T_1D,90,0.45,0.09572540824,0.02044149976,0.02869715104,0.07528390848
Uy_1D_to_T_1D,91,0.455,0.05891944406,0.01945058017,0.02793923082,0.03946886389
Uy_1D_to_T_1D,92,0.46,0.06805661356,0.02014979213,0.02840704781,0.04790682143
Uy_1D_to_T_1D,93,0.465,0.1169658632,0.01948133465,0.02887046978,0.09748452852
Uy_1D_to_T_1D,94,0.47,0.154423544,0.02036213664,0.02955901841,0.1340614073
Uy_1D_to_T_1D,95,0.475,0.1630933507,0.02086432467,0.02912842317,0.1422290261
Uy_1D_to_T_1D,96,0.48,0.1761683339,0.02046790169,0.02967410768,0.1557004322
Uy_1D_to_T_1D,97,0.485,0.1948127852,0.02064540808,0.02892167174,0.1741673771
Uy_1D_to_T_1D,98,0.49,0.2127314972,0.02040801973,0.0289900166,0.1923234775
Uy_1D_to_T_1D,99,0.495,0.1970945845,0.02086522658,0.03004972878,0.176229358
Uy_1D_to_T_1D,100,0.5,0.2029658732,0.01947307244,0.02744787689,0.1834928008
Uy_1D_to_T_1D,101,0.505,0.2078613458,0.0210643181,0.0306440439,0.1867970277
Uy_1D_to_T_1D,102,0.51,0.1870497548,0.02065419635,0.02940439142,0.1663955584
Uy_1D_to_T_1D,103,0.515,0.1801053069,0.02083074205,0.03084658262,0.1592745649
Uy_1D_to_T_1D,104,0.52,0.1764706683,0.0203884757,0.02891242464,0.1560821926
Uy_1D_to_T_1D,105,0.525,0.1519120883,0.02052880914,0.03060859832,0.1313832792
Uy_1D_to_T_1D,106,0.53,0.1066589202,0.0198215979,0.03094919282,0.08683732234
Uy_1D_to_T_1D,107,0.535,0.054560821,0.02053366303,0.02991524286,0.03402715797
Uy_1D_to_T_1D,108,0.54,0.06018831265,0.02147269628,0.03027523291,0.03871561637
Uy_1D_to_T_1D,109,0.545,0.1120692887,0.0198589712,0.02887821766,0.09221031752
Uy_1D_to_T_1D,110,0.55,0.1473893621,0.02088962188,0.02882259974,0.1264997402
Uy_1D_to_T_1D,111,0.555,0.1634499108,0.02090684678,0.02890020592,0.142543064
Uy_1D_to_T_1D,112,0.56,0.1835481387,0.02141951319,0.03050254917,0.1621286255
Uy_1D_to_T_1D,113,0.565,0.1937042962,0.01999779639,0.02956298337,0.1737064998
Uy_1D_to_T_1D,114,0.57,0.1953859389,0.02105576122,0.03072142638,0.1743301777
Uy_1D_to_T_1D,115,0.575,0.2017354874,0.02098831953,0.03068358739,0.1807471678
Uy_1D_to_T_1D,116,0.58,0.1935075156,0.02046863414,0.02920027709,0.1730388815
Uy_1D_to_T_1D,117,0.585,0.1854094002,0.02046899159,0.03060275196,0.1649404086
Uy_1D_to_T_1D,118,0.59,0.183817745,0.02081028239,0.03015787727,0.1630074626
Uy_1D_to_T_1D,119,0.595,0.188428264,0.02103555497,0.02941514173,0.167392709
Uy_1D_to_T_1D,120,0.6,0.1741389827,0.02047857009,0.02920869517,0.1536604126
