side,x_m,x_mm,coh_f1,lag_phase_f1,xcorr_lag_f1,xcorr_corr_f1,coh_f2,lag_phase_f2,xcorr_lag_f2,xcorr_corr_f2
fin_z_min,-0.0136673275,-13.667327499999999,0.3857339418264292,-0.09948625144524281,-0.0799999999999983,-0.41022985838130477,0.9824055304235648,0.0029369225032278576,-0.0799999999999983,-0.41022985838130477
fin_z_min,-0.0133211825,-13.3211825,nan,nan,nan,nan,nan,nan,nan,nan
fin_z_min,-0.012975037499999998,-12.975037499999997,0.3857619697820368,-0.09947838773463472,-0.0799999999999983,-0.41025776898615046,0.98241345636873,0.0028815162924678635,-0.0799999999999983,-0.41025776898615046
fin_z_min,-0.012628892499999999,-12.6288925,nan,nan,nan,nan,nan,nan,nan,nan
fin_z_min,-0.0122827475,-12.2827475,nan,nan,nan,nan,nan,nan,nan,nan
fin_z_min,-0.0119366025,-11.936602500000001,0.3858239001310991,-0.09946250205364397,-0.0799999999999983,-0.40955246075330576,0.9824029568073708,0.0027971154258928425,-0.0799999999999983,-0.40955246075330576
fin_z_min,-0.011590457499999998,-11.590457499999998,nan,nan,nan,nan,nan,nan,nan,nan
fin_z_min,-0.011244312499999999,-11.2443125,nan,nan,nan,nan,nan,nan,nan,nan
fin_z_min,-0.0108981675,-10.8981675,0.3859063505330381,-0.0994534067826413,-0.0799999999999983,-0.40792192231774577,0.982358052173287,0.002814112303448225,-0.0799999999999983,-0.40792192231774577
fin_z_min,-0.010552022500000001,-10.552022500000001,nan,nan,nan,nan,nan,nan,nan,nan
fin_z_min,-0.010205877499999998,-10.205877499999998,nan,nan,nan,nan,nan,nan,nan,nan
fin_z_min,-0.0098597325,-9.8597325,0.3859997955584461,-0.09944633097158614,-0.0799999999999983,-0.40693132870522475,0.9823122156442108,0.002879253858296482,-0.0799999999999983,-0.40693132870522475
fin_z_min,-0.0095135875,-9.5135875,nan,nan,nan,nan,nan,nan,nan,nan
fin_z_min,-0.009167442500000001,-9.167442500000002,nan,nan,nan,nan,nan,nan,nan,nan
fin_z_min,-0.008821297499999999,-8.821297499999998,0.3860885211496791,-0.09943192310940001,-0.0799999999999983,-0.40724367472064393,0.982330237771026,0.0028683872336450686,-0.0799999999999983,-0.40724367472064393
fin_z_min,-0.0084751525,-8.4751525,nan,nan,nan,nan,nan,nan,nan,nan
fin_z_min,-0.0081290075,-8.1290075,nan,nan,nan,nan,nan,nan,nan,nan
fin_z_min,-0.0077828625,-7.7828625,0.38621393298893675,-0.09941290674349629,-0.0799999999999983,-0.40791408949637287,0.9823253328441881,0.002811353107803747,-0.0799999999999983,-0.40791408949637287
fin_z_min,-0.0074367175,-7.4367175,nan,nan,nan,nan,nan,nan,nan,nan
fin_z_min,-0.0070905725,-7.0905724999999995,nan,nan,nan,nan,nan,nan,nan,nan
fin_z_min,-0.0067444275000000005,-6.7444275000000005,0.3864635216055271,-0.09944216454172687,-0.0799999999999983,-0.40769301199190006,0.9821641957199603,0.003090194298790826,-0.0799999999999983,-0.40769301199190006
fin_z_min,-0.0063982825,-6.3982825,0.38698646385121244,-0.09959313732353427,-0.0799999999999983,-0.40821092684752497,0.9820588848960226,0.0034802859067489807,-0.0799999999999983,-0.40821092684752497
fin_z_min,-0.0060521375,-6.0521375,0.38686986510953975,-0.09944897922633875,-0.0799999999999983,-0.40858305874723777,0.9822307469698971,0.003293501193919955,-0.0799999999999983,-0.40858305874723777
fin_z_min,-0.0057059925,-5.7059925,0.3876022013874378,-0.09957107434942845,-0.0799999999999983,-0.4116089383318136,0.9824402085693634,0.003262808661452409,-0.0799999999999983,-0.4116089383318136
fin_z_min,-0.005359847500000001,-5.359847500000001,0.38764766970901654,-0.09953343254414113,-0.0799999999999983,-0.4167107940564455,0.9828977957473591,0.003510887303095411,-0.0799999999999983,-0.4167107940564455
fin_z_min,-0.005013702500000001,-5.013702500000001,0.38709871544579166,-0.09936264056968674,-0.0799999999999983,-0.41276403207335877,0.9826183465366637,0.003463866389890362,-0.0799999999999983,-0.41276403207335877
fin_z_min,-0.0046675575,-4.6675575,0.38842603723335173,-0.09957725455173244,-0.0799999999999983,-0.419098361840065,0.9831547494912412,0.0040518863579901985,-0.0799999999999983,-0.419098361840065
fin_z_min,-0.0043214125,-4.3214125,0.3881859683678577,-0.09952492024348698,-0.0799999999999983,-0.4262095082674967,0.983785402620186,0.004354676418122089,-0.0799999999999983,-0.4262095082674967
fin_z_min,-0.003975267500000001,-3.9752675000000006,0.3872787380024016,-0.09930180769560663,-0.0799999999999983,-0.41646487601128457,0.9829667306342494,0.0037148354191015327,-0.0799999999999983,-0.41646487601128457
fin_z_min,-0.003629122500000001,-3.6291225000000007,0.38907931672459145,-0.09953402094645411,-0.0799999999999983,-0.432874434630757,0.9843428845607494,0.004315810773006391,-0.0799999999999983,-0.432874434630757
fin_z_min,-0.0032829775,-3.2829775,0.38876880052580476,-0.09950120783542019,-0.0799999999999983,-0.4348473703134307,0.9845903118926923,0.0046285712807700476,-0.0799999999999983,-0.4348473703134307
fin_z_min,-0.0029368325,-2.9368325,0.3876484987945687,-0.09922301426673073,-0.0799999999999983,-0.4199887202371362,0.9832668234221832,0.0036129443233690714,-0.0799999999999983,-0.4199887202371362
fin_z_min,-0.002590687500000001,-2.590687500000001,0.3902441656147054,-0.09951429498543381,-0.0799999999999983,-0.4459363405209178,0.9854316683947727,0.0045331436722404386,-0.0799999999999983,-0.4459363405209178
fin_z_min,-0.002244542500000001,-2.244542500000001,0.3920413447476654,-0.09956623871212354,-0.0799999999999983,-0.4534712935623328,0.9859582289162315,0.00427960969018885,-0.0799999999999983,-0.4534712935623328
fin_z_min,-0.0018983975000000002,-1.8983975000000002,0.38866534776535366,-0.09911141592028706,-0.0799999999999983,-0.4281114175706366,0.9838963595770246,0.003734765365842135,-0.0799999999999983,-0.4281114175706366
fin_z_min,-0.0015522525000000002,-1.5522525000000003,0.3926810089179426,-0.09944695241735768,-0.0799999999999983,-0.46124316428679457,0.9863959940095774,0.004514611406644275,-0.0799999999999983,-0.46124316428679457
fin_z_min,-0.0012061075000000011,-1.2061075000000012,0.39366550002994005,-0.09957367421538622,-0.0799999999999983,-0.45920231778493453,0.9863485354061999,0.004162002448942603,-0.0799999999999983,-0.45920231778493453
fin_z_min,-0.0008599625000000012,-0.8599625000000012,0.38948297056654335,-0.09903089207447005,-0.0799999999999983,-0.4289605075758741,0.9839847052219641,0.0034603971805412213,-0.0799999999999983,-0.4289605075758741
fin_z_min,-0.0005138175000000004,-0.5138175000000004,0.39746441350628126,-0.09986034876308987,0.0749999999999984,-0.44424505362555455,0.9853374675001922,0.0014236949530285362,0.0749999999999984,-0.44424505362555455
fin_z_min,-0.0001676725000000004,-0.1676725000000004,0.3909545213945002,-0.09903127652353799,-0.0799999999999983,-0.43617150270322935,0.9846219449117837,0.0032054550698226163,-0.0799999999999983,-0.43617150270322935
fin_z_min,0.0001784724999999987,0.1784724999999987,0.4075758339248482,-0.10056194495620552,-0.0749999999999984,-0.44469964487330366,0.9840320649109531,-0.000675113011712592,-0.0749999999999984,-0.44469964487330366
fin_z_min,0.0005246174999999987,0.5246174999999986,0.3925308463520022,-0.09915039283704823,-0.0799999999999983,-0.44579912038906966,0.9854908795410844,0.003373455226899812,-0.0799999999999983,-0.44579912038906966
fin_z_min,0.0008707624999999995,0.8707624999999994,0.39355159337678275,-0.09903750737854511,-0.0799999999999983,-0.4423946982940295,0.9851081824138471,0.002822096929048274,-0.0799999999999983,-0.4423946982940295
fin_z_min,0.0012169074999999994,1.2169074999999994,0.42045241484576557,-0.10110843491580776,-0.0749999999999984,-0.48312646323418057,0.9840434145666037,-0.002243723990394425,-0.0749999999999984,-0.48312646323418057
fin_z_min,0.0015630524999999985,1.5630524999999986,0.3986985031376039,-0.0994113676758254,0.0749999999999984,-0.4538280985327581,0.9860752507608991,0.0020836466249702064,0.0749999999999984,-0.4538280985327581
fin_z_min,0.0019091974999999994,1.9091974999999994,0.396830120271767,-0.09905307414946268,0.0749999999999984,-0.4499228752602113,0.9856548123678349,0.002138254607071714,0.0749999999999984,-0.4499228752602113
fin_z_min,0.0022553425,2.2553425000000002,0.4425317938669036,-0.10148528557566827,-0.06999999999999851,-0.524638716248433,0.9794362180901045,-0.006473787933000719,-0.06999999999999851,-0.524638716248433
fin_z_min,0.0026014874999999993,2.6014874999999993,0.4034533827868174,-0.09945681606430969,-0.0749999999999984,-0.46482545631102995,0.9867378406275744,0.0010158366378196528,-0.0749999999999984,-0.46482545631102995
fin_z_min,0.0029476324999999984,2.9476324999999983,0.40123610752726857,-0.09904741396219552,-0.0749999999999984,-0.4611801900070276,0.986476034971025,0.0013049830315287221,-0.0749999999999984,-0.4611801900070276
fin_z_min,0.0032937774999999975,3.2937774999999974,0.4121783609688627,-0.09951001270282027,-0.0749999999999984,-0.4838926632066168,0.9876076144350089,-0.0003351728005468668,-0.0749999999999984,-0.4838926632066168
fin_z_min,0.0036399224999999983,3.639922499999998,0.5267472195920317,-0.0964708868268016,0.01499999999999968,0.6219649496615528,0.9693687858925415,-0.015100902549566534,0.01499999999999968,0.6219649496615528
fin_z_min,0.003986067499999999,3.986067499999999,0.41029002898858197,-0.09892042087463952,-0.0749999999999984,-0.4804281339024644,0.9875800566506409,0.0003798932739866739,-0.0749999999999984,-0.4804281339024644
fin_z_min,0.004332212499999998,4.332212499999998,0.42829274824446695,-0.09901382741387217,-0.0749999999999984,-0.5088888580373856,0.9884025681148946,-0.0013632370298644865,-0.0749999999999984,-0.5088888580373856
fin_z_min,0.004678357499999999,4.678357499999999,0.7345936574183104,-0.08113921404645172,0.009999999999999787,0.49590269519061736,0.9411868712982211,-0.01137989898285487,0.009999999999999787,0.49590269519061736
fin_z_min,0.0050245025,5.0245025,0.4420158060054328,-0.09747493684451558,0.0,0.5191474231667029,0.9888055226206939,-0.0009739669152182817,0.0,0.5191474231667029
fin_z_min,0.005370647499999999,5.370647499999999,0.4812132259099957,-0.09621489052800465,0.004999999999999893,0.5564851455493932,0.9872848004004565,-0.0030470646552119675,0.004999999999999893,0.5564851455493932
fin_z_min,0.005716792499999998,5.716792499999998,0.5422830854029723,-0.06138877894166606,0.01499999999999968,0.30034037654323276,0.9293677786182853,-0.017499523922441303,0.01499999999999968,0.30034037654323276
fin_z_min,0.006062937499999997,6.062937499999997,0.5104664076454994,-0.09136245229867954,0.0,0.4627165544952909,0.9743741331778517,-0.0005005579847534766,0.0,0.4627165544952909
fin_z_min,0.006409082499999998,6.409082499999998,0.5800087999815136,-0.08603670608956969,0.0,0.4517479438887751,0.9681524668699931,-0.002802025351937404,0.0,0.4517479438887751
fin_z_min,0.006755227499999999,6.755227499999998,0.5510620728097132,-0.08610439432370513,0.0,0.4745521493624267,0.9706956119824504,-0.0015785168254353475,0.0,0.4745521493624267
fin_z_min,0.007101372499999998,7.101372499999998,nan,nan,nan,nan,nan,nan,nan,nan
fin_z_min,0.007447517499999999,7.447517499999999,0.5346450729757224,-0.0783729926948016,0.004999999999999893,0.4045409046853202,0.9486455643445421,-0.003544307404115258,0.004999999999999893,0.4045409046853202
fin_z_min,0.0077936624999999995,7.7936625,0.4680313033665901,-0.07965143380676835,0.0,0.44168809364976425,0.9553880936353217,-0.002092080072118131,0.0,0.44168809364976425
fin_z_min,0.008139807499999999,8.139807499999998,nan,nan,nan,nan,nan,nan,nan,nan
fin_z_min,0.008485952499999998,8.485952499999998,0.33469835085650823,-0.07352632038986195,0.004999999999999893,0.41930009787336014,0.9575294196972757,-0.0041986490347135285,0.004999999999999893,0.41930009787336014
fin_z_min,0.008832097499999997,8.832097499999996,0.28658653440818543,-0.08137584588221068,0.004999999999999893,0.4928045130953427,0.9758802875896204,-0.0029319205520557602,0.004999999999999893,0.4928045130953427
fin_z_min,0.009178242499999998,9.178242499999998,nan,nan,nan,nan,nan,nan,nan,nan
fin_z_min,0.009524387499999998,9.524387499999998,0.17014461197546074,-0.0824206896901188,0.004999999999999893,0.5045042545052796,0.9879091507436366,-0.0047770630852218,0.004999999999999893,0.5045042545052796
fin_z_min,0.009870532499999998,9.870532499999998,0.20447165972108053,-0.09146541623306637,0.004999999999999893,0.564774184091205,0.9891023468432308,-0.003652085937234642,0.004999999999999893,0.564774184091205
fin_z_min,0.010216677499999998,10.216677499999998,0.17678433217039735,-0.09222925677108322,0.004999999999999893,0.5630408107957268,0.9764968354804152,-0.004601257267905395,0.004999999999999893,0.5630408107957268
fin_z_min,0.0105628225,10.5628225,nan,nan,nan,nan,nan,nan,nan,nan
fin_z_min,0.010908967499999998,10.908967499999997,0.24820806538094112,-0.09051828693872821,0.004999999999999893,0.5750764271382005,0.9636928463233614,-0.003098737732248364,0.004999999999999893,0.5750764271382005
fin_z_min,0.011255112499999997,11.255112499999997,0.25617584368243923,-0.08210129513905245,0.004999999999999893,0.5338464493014043,0.9230537559039056,-0.0027449160331190995,0.004999999999999893,0.5338464493014043
fin_z_min,0.011601257499999997,11.601257499999997,nan,nan,nan,nan,nan,nan,nan,nan
fin_z_min,0.011947402499999997,11.947402499999997,0.3032190178926381,-0.07492474381662952,-0.0749999999999984,-0.5176225893573574,0.9090692990616106,-0.0009868843626978578,-0.0749999999999984,-0.5176225893573574
fin_z_min,0.012293547499999998,12.293547499999999,0.29348385154071394,-0.062051004136407524,-0.0749999999999984,-0.47436959149295627,0.8611047976144937,-2.8790499660817557e-06,-0.0749999999999984,-0.47436959149295627
fin_z_min,0.012639692499999997,12.639692499999997,nan,nan,nan,nan,nan,nan,nan,nan
fin_z_min,0.012985837499999998,12.985837499999999,0.30843763402938995,-0.05227953850134722,-0.0749999999999984,-0.4578914755594491,0.8434916761789033,0.0017785651266136835,-0.0749999999999984,-0.4578914755594491
fin_z_min,0.013331982499999999,13.331982499999999,0.30672454930744686,-0.04001850946908105,-0.3849999999999918,-0.42585979369495713,0.8001254620193534,0.002455892986658195,-0.3849999999999918,-0.42585979369495713
fin_z_min,0.013678127499999998,13.678127499999999,0.3136997120442315,-0.03789202959699693,-0.3849999999999918,-0.42704850438812186,0.8009787625305864,0.0026451114671689094,-0.3849999999999918,-0.42704850438812186
fin_z_max,-0.0136673275,-13.667327499999999,0.38563991488300103,-0.09952003416519375,-0.0799999999999983,-0.41017731368021637,0.9824241033927926,0.002937813430560571,-0.0799999999999983,-0.41017731368021637
fin_z_max,-0.0133211825,-13.3211825,nan,nan,nan,nan,nan,nan,nan,nan
fin_z_max,-0.012975037499999998,-12.975037499999997,0.3856223492424508,-0.09952167297367669,-0.0799999999999983,-0.4101915173186882,0.9824353827957611,0.0028826875515502517,-0.0799999999999983,-0.4101915173186882
fin_z_max,-0.012628892499999999,-12.6288925,nan,nan,nan,nan,nan,nan,nan,nan
fin_z_max,-0.0122827475,-12.2827475,nan,nan,nan,nan,nan,nan,nan,nan
fin_z_max,-0.0119366025,-11.936602500000001,0.3855963859338417,-0.09952936861471885,-0.0799999999999983,-0.4094523249572159,0.9824397302809597,0.0027994815392795775,-0.0799999999999983,-0.4094523249572159
fin_z_max,-0.011590457499999998,-11.590457499999998,nan,nan,nan,nan,nan,nan,nan,nan
fin_z_max,-0.011244312499999999,-11.2443125,nan,nan,nan,nan,nan,nan,nan,nan
fin_z_max,-0.0108981675,-10.8981675,0.3855794208003094,-0.09954093292114602,-0.0799999999999983,-0.4077919658778293,0.9823983109494775,0.0028198309649870045,-0.0799999999999983,-0.4077919658778293
fin_z_max,-0.010552022500000001,-10.552022500000001,nan,nan,nan,nan,nan,nan,nan,nan
fin_z_max,-0.010205877499999998,-10.205877499999998,nan,nan,nan,nan,nan,nan,nan,nan
fin_z_max,-0.0098597325,-9.8597325,0.38554544329537577,-0.09955678148882172,-0.0799999999999983,-0.4067631455958086,0.9823616973757309,0.002888980526170551,-0.0799999999999983,-0.4067631455958086
fin_z_max,-0.0095135875,-9.5135875,nan,nan,nan,nan,nan,nan,nan,nan
fin_z_max,-0.009167442500000001,-9.167442500000002,nan,nan,nan,nan,nan,nan,nan,nan
fin_z_max,-0.008821297499999999,-8.821297499999998,0.38546485668583197,-0.0995725679168359,-0.0799999999999983,-0.4070562056387119,0.9823882707658455,0.002882681873834539,-0.0799999999999983,-0.4070562056387119
fin_z_max,-0.0084751525,-8.4751525,nan,nan,nan,nan,nan,nan,nan,nan
fin_z_max,-0.0081290075,-8.1290075,nan,nan,nan,nan,nan,nan,nan,nan
fin_z_max,-0.0077828625,-7.7828625,0.3853820385093743,-0.09959488903957914,-0.0799999999999983,-0.4077230575796812,0.9823977559682864,0.0028297275227183996,-0.0799999999999983,-0.4077230575796812
fin_z_max,-0.0074367175,-7.4367175,nan,nan,nan,nan,nan,nan,nan,nan
fin_z_max,-0.0070905725,-7.0905724999999995,nan,nan,nan,nan,nan,nan,nan,nan
fin_z_max,-0.0067444275000000005,-6.7444275000000005,0.3853437801594228,-0.09970898942188658,-0.0799999999999983,-0.4074654310942484,0.9822564149886737,0.003109038919056803,-0.0799999999999983,-0.4074654310942484
fin_z_max,-0.0063982825,-6.3982825,0.38572426628071166,-0.09997527978392586,-0.0799999999999983,-0.40802838877959374,0.9821370809035792,0.0034847757524148946,-0.0799999999999983,-0.40802838877959374
fin_z_max,-0.0060521375,-6.0521375,0.38537476630990714,-0.09985911103243911,-0.0799999999999983,-0.4082302568904244,0.9823588930984043,0.0033105973563522855,-0.0799999999999983,-0.4082302568904244
fin_z_max,-0.0057059925,-5.7059925,0.3860360107465482,-0.1001360039018923,-0.0799999999999983,-0.41137349895637226,0.9825679865788218,0.0032651930208772227,-0.0799999999999983,-0.41137349895637226
fin_z_max,-0.005359847500000001,-5.359847500000001,0.3858923712614986,-0.10021580948021919,-0.0799999999999983,-0.4164244911195563,0.9830634534260253,0.003518813397439523,-0.0799999999999983,-0.4164244911195563
fin_z_max,-0.005013702500000001,-5.013702500000001,0.38504969430574476,-0.09994673422388041,-0.0799999999999983,-0.41272480315942844,0.9828584780176859,0.003521876436446965,-0.0799999999999983,-0.41272480315942844
fin_z_max,-0.0046675575,-4.6675575,0.3862606924947505,-0.10055947182611248,-0.0799999999999983,-0.41872873493431556,0.9833974276061281,0.0040700467458201755,-0.0799999999999983,-0.41872873493431556
fin_z_max,-0.0043214125,-4.3214125,0.38589630776314443,-0.1006069262959607,-0.0799999999999983,-0.42447699854125115,0.9839373274475641,0.004439313486899877,-0.0799999999999983,-0.42447699854125115
fin_z_max,-0.003975267500000001,-3.9752675000000006,0.38465614374620455,-0.10001822264226852,-0.0799999999999983,-0.416251150302606,0.983275930660042,0.0036525129114764066,-0.0799999999999983,-0.416251150302606
fin_z_max,-0.003629122500000001,-3.6291225000000007,0.38639256658119686,-0.1009462149383616,-0.0799999999999983,-0.4323771345331294,0.9846631108996722,0.004352283375363793,-0.0799999999999983,-0.4323771345331294
fin_z_max,-0.0032829775,-3.2829775,0.38603085321312053,-0.10092291335143572,-0.0799999999999983,-0.4342877341393312,0.9849175722522902,0.004652683747997736,-0.0799999999999983,-0.4342877341393312
fin_z_max,-0.0029368325,-2.9368325,0.384273855373621,-0.10012830923523612,-0.0799999999999983,-0.4225365747667278,0.9839209389906636,0.0038276245156058683,-0.0799999999999983,-0.4225365747667278
fin_z_max,-0.002590687500000001,-2.590687500000001,0.38701468693376245,-0.10153032577547783,-0.0799999999999983,-0.44571480896514176,0.9858657293642547,0.004586801991204743,-0.0799999999999983,-0.44571480896514176
fin_z_max,-0.002244542500000001,-2.244542500000001,0.3885101605627949,-0.10213623503365432,-0.0799999999999983,-0.45367465516146666,0.9864372097962381,0.004319589619508384,-0.0799999999999983,-0.45367465516146666
fin_z_max,-0.0018983975000000002,-1.8983975000000002,0.3842433964128978,-0.1004915734200639,-0.0799999999999983,-0.4266451375546339,0.9843436425421873,0.00375782815159205,-0.0799999999999983,-0.4266451375546339
fin_z_max,-0.0015522525000000002,-1.5522525000000003,0.38871305570828996,-0.10260703004363621,-0.0799999999999983,-0.46186038547931096,0.9870046840980212,0.004619141366507479,-0.0799999999999983,-0.46186038547931096
fin_z_max,-0.0012061075000000011,-1.2061075000000012,0.38974207670760597,-0.10290803654732178,-0.0799999999999983,-0.4603307344017139,0.9868926013196982,0.004266491883944232,-0.0799999999999983,-0.4603307344017139
fin_z_max,-0.0008599625000000012,-0.8599625000000012,0.3838937576963068,-0.10064351955004774,-0.0799999999999983,-0.42730575255613984,0.9844758529547292,0.0034554543738833906,-0.0799999999999983,-0.42730575255613984
fin_z_max,-0.0005138175000000004,-0.5138175000000004,0.3937590873499883,-0.10421499444734195,0.0749999999999984,-0.4493479394327018,0.9859345653926499,0.0015231612787285872,0.0749999999999984,-0.4493479394327018
fin_z_max,-0.0001676725000000004,-0.1676725000000004,0.38430215329994705,-0.10112867106994482,-0.0799999999999983,-0.433183453506587,0.9850045178563107,0.003486333877136754,-0.0799999999999983,-0.433183453506587
fin_z_max,0.0001784724999999987,0.1784724999999987,0.4055444328455344,-0.10758611375035068,-0.0749999999999984,-0.45505170807975304,0.9849443031170396,-0.0005445419299774355,-0.0749999999999984,-0.45505170807975304
fin_z_max,0.0005246174999999987,0.5246174999999986,0.386199190949829,-0.10192324809548797,-0.0799999999999983,-0.44548549809286453,0.9860321307946199,0.003405008913234132,-0.0799999999999983,-0.44548549809286453
fin_z_max,0.0008707624999999995,0.8707624999999994,0.3859881161279215,-0.10186757625288363,-0.0799999999999983,-0.4433712868906285,0.9858952587773463,0.0026647103278165754,-0.0799999999999983,-0.4433712868906285
fin_z_max,0.0012169074999999994,1.2169074999999994,0.42105253855246333,-0.11243132060234849,0.0799999999999983,-0.5003267202127898,0.9859424551921323,-0.00188483121173557,0.0799999999999983,-0.5003267202127898
fin_z_max,0.0015630524999999985,1.5630524999999986,0.3924074853297589,-0.10397771595119715,0.0749999999999984,-0.45670564547686937,0.9865671178164322,0.00212545207558769,0.0749999999999984,-0.45670564547686937
fin_z_max,0.0019091974999999994,1.9091974999999994,0.38801363733414346,-0.10275039283449507,0.0749999999999984,-0.4520963707043466,0.9864800516669999,0.0019792092142062625,0.0749999999999984,-0.4520963707043466
fin_z_max,0.0022553425,2.2553425000000002,0.4429360307281543,-0.12067227901959644,0.004999999999999893,0.5542011613741,0.9848650425365578,-0.005514679080406967,0.004999999999999893,0.5542011613741
fin_z_max,0.0026014874999999993,2.6014874999999993,0.3963953180542972,-0.10536740088992719,0.0749999999999984,-0.46872074336738256,0.9871881173677777,0.0010609042744118135,0.0749999999999984,-0.46872074336738256
fin_z_max,0.0029476324999999984,2.9476324999999983,0.3907013407110117,-0.10377549268740202,-0.0749999999999984,-0.4569636616326825,0.986760535213595,0.0011810865706455053,-0.0749999999999984,-0.4569636616326825
fin_z_max,0.0032937774999999975,3.2937774999999974,0.40447348703854386,-0.10743009885719791,-0.0749999999999984,-0.47904220070684594,0.9873196694443805,-0.0005808498511529255,-0.0749999999999984,-0.47904220070684594
fin_z_max,0.0036399224999999983,3.639922499999998,0.5129789223158074,-0.12491499932129072,0.009999999999999787,0.6661214269549139,0.987445970834901,-0.011517366979931764,0.009999999999999787,0.6661214269549139
fin_z_max,0.003986067499999999,3.986067499999999,0.3991396983989099,-0.1052046537187131,-0.0749999999999984,-0.48595225963922734,0.9883594215701625,0.00044689432715286847,-0.0749999999999984,-0.48595225963922734
fin_z_max,0.004332212499999998,4.332212499999998,0.4230654315424101,-0.108398222449978,0.0,0.5206211354285244,0.9892588808373372,-0.0010320424149099694,0.0,0.5206211354285244
fin_z_max,0.004678357499999999,4.678357499999999,0.7688777091122596,-0.09063831816802849,0.004999999999999893,0.5340696243546339,0.9895195035241103,-0.005586099830298129,0.004999999999999893,0.5340696243546339
fin_z_max,0.0050245025,5.0245025,0.4414671969990273,-0.10406462389100016,0.0,0.5315233620416212,0.9902576129150488,-0.0003478085644521224,0.0,0.5315233620416212
fin_z_max,0.005370647499999999,5.370647499999999,0.4972870259234195,-0.10386124339087781,0.0,0.5707444253504748,0.9906642196522136,-0.0018935046336989478,0.0,0.5707444253504748
fin_z_max,0.005716792499999998,5.716792499999998,0.7346503417200754,-0.07015143515093972,0.009999999999999787,0.2444515450075215,0.9788077072992427,-0.009356762664511312,0.009999999999999787,0.2444515450075215
fin_z_max,0.006062937499999997,6.062937499999997,0.5756674426932569,-0.0875119837961605,0.0,0.43080439618029076,0.9812364515556646,0.0001255430784278429,0.0,0.43080439618029076
fin_z_max,0.006409082499999998,6.409082499999998,0.6759364821953789,-0.08100428308626931,0.0,0.3970187433562655,0.9763340316101071,-0.0005169690781900537,0.0,0.3970187433562655
fin_z_max,0.006755227499999999,6.755227499999998,0.6431537851571859,-0.07983511164073134,0.0,0.4299277165094333,0.9811208078289902,0.00044864083652866794,0.0,0.4299277165094333
fin_z_max,0.007101372499999998,7.101372499999998,nan,nan,nan,nan,nan,nan,nan,nan
fin_z_max,0.007447517499999999,7.447517499999999,0.6961762273067899,-0.06860933648165991,0.0,0.3171553649882624,0.9663926843371996,-0.00038572505118241053,0.0,0.3171553649882624
fin_z_max,0.0077936624999999995,7.7936625,0.6554453085860261,-0.06418979034481907,0.0,0.3480292851467048,0.9742760602752198,0.0008260664531785616,0.0,0.3480292851467048
fin_z_max,0.008139807499999999,8.139807499999998,nan,nan,nan,nan,nan,nan,nan,nan
fin_z_max,0.008485952499999998,8.485952499999998,0.6493065393527188,-0.05151410325945857,0.0,0.2928126458030462,0.9708938641124111,-0.001422849270967833,0.0,0.2928126458030462
fin_z_max,0.008832097499999997,8.832097499999996,0.588087262517884,-0.04699102244795571,0.0,0.36910814534907366,0.9839177117417796,-0.0014260979397056883,0.0,0.36910814534907366
fin_z_max,0.009178242499999998,9.178242499999998,nan,nan,nan,nan,nan,nan,nan,nan
fin_z_max,0.009524387499999998,9.524387499999998,0.554652866962342,-0.030490004915813253,0.004999999999999893,0.3512522149277793,0.9852539895196298,-0.005251558257745691,0.004999999999999893,0.3512522149277793
fin_z_max,0.009870532499999998,9.870532499999998,0.44750934549817867,-0.025381248978329125,0.004999999999999893,0.4271630754121562,0.9860830450553056,-0.005676726077368947,0.004999999999999893,0.4271630754121562
fin_z_max,0.010216677499999998,10.216677499999998,0.39635559651088315,-0.00380892505854685,0.009999999999999787,0.42150690042158645,0.9772384947977114,-0.00926438531813606,0.009999999999999787,0.42150690042158645
fin_z_max,0.0105628225,10.5628225,nan,nan,nan,nan,nan,nan,nan,nan
fin_z_max,0.010908967499999998,10.908967499999997,0.1868668638676899,0.0009657809107330232,0.009999999999999787,0.4693493256304755,0.9697966515183544,-0.00921069456467588,0.009999999999999787,0.4693493256304755
fin_z_max,0.011255112499999997,11.255112499999997,0.08278882066424953,0.03815000914484391,0.009999999999999787,0.46529667729966634,0.9549629701209468,-0.011763117003018853,0.009999999999999787,0.46529667729966634
fin_z_max,0.011601257499999997,11.601257499999997,nan,nan,nan,nan,nan,nan,nan,nan
fin_z_max,0.011947402499999997,11.947402499999997,0.050406568127772,-0.1371677381862584,0.009999999999999787,0.48995259398553387,0.9487803964522701,-0.011877053293119263,0.009999999999999787,0.48995259398553387
fin_z_max,0.012293547499999998,12.293547499999999,0.2837033109301945,-0.12553906459233224,0.01499999999999968,0.4876028543637452,0.9387936206400195,-0.014354119749929646,0.01499999999999968,0.4876028543637452
fin_z_max,0.012639692499999997,12.639692499999997,nan,nan,nan,nan,nan,nan,nan,nan
fin_z_max,0.012985837499999998,12.985837499999999,0.4598317617736224,-0.10951558263589985,0.01499999999999968,0.5048421551945957,0.9380754224380944,-0.014887052000455807,0.01499999999999968,0.5048421551945957
fin_z_max,0.013331982499999999,13.331982499999999,0.5358501779876119,-0.10016850795973663,0.01499999999999968,0.5232133560514592,0.9438488830580467,-0.01645976098010849,0.01499999999999968,0.5232133560514592
fin_z_max,0.013678127499999998,13.678127499999999,0.5475314464267221,-0.09713776530982174,0.01499999999999968,0.532477201012147,0.9473437869140316,-0.016523021208796902,0.01499999999999968,0.532477201012147
