lag_s,te_bits,surrogate_mean_bits,surrogate_p95_bits,surrogate_p99_bits,z_score,p_empirical,pair
0.004999999999999893,0.032031577287942425,0.025765954294605906,0.0359199394268586,0.040984418161511445,0.9430430310826826,0.17131474103585656,Cl->Q_wall
0.009999999999999787,0.0572957046741845,0.04687045807472072,0.0697152626357356,0.08924380410798138,0.7256448730033536,0.21912350597609562,Cl->Q_wall
0.019999999999999574,0.08396695210091401,0.08452872753180267,0.11872832070253937,0.14695040469120155,-0.02329393375649266,0.545816733067729,Cl->Q_wall
0.03999999999999915,0.10275470078698515,0.11023842632295786,0.17512857516856384,0.22347563061039272,-0.17786465425918108,0.5139442231075697,Cl->Q_wall
0.05999999999999872,0.16970684312086357,0.10729744757957022,0.164799894919748,0.20054833989534926,1.7235714784957437,0.043824701195219126,Cl->Q_wall
0.0799999999999983,0.25010641704106995,0.10592626949210565,0.15304262237109897,0.19113517734260418,4.959808300727146,0.00398406374501992,Cl->Q_wall
0.11999999999999744,0.1277686205212269,0.10164364726755948,0.14688300776029686,0.16905022213241006,0.872315850916701,0.22310756972111553,Cl->Q_wall
0.1599999999999966,0.12117858317312791,0.06577013967921465,0.10669364564359889,0.1139479334748673,2.206569861313161,0.00796812749003984,Cl->Q_wall
0.23999999999999488,0.23675922203929847,0.10195199864439004,0.13448240636248268,0.14480508479116813,6.330622187374196,0.00398406374501992,Cl->Q_wall
0.3199999999999932,0.09546899927975937,0.08601729678749141,0.1140906755525597,0.11731778075285901,0.4433635334368846,0.4103585657370518,Cl->Q_wall
0.47999999999998977,0.18875492340159655,0.1072477229678386,0.16795169902768314,0.17978908043527178,2.2032475907026923,0.00398406374501992,Cl->Q_wall
0.004999999999999893,0.013817016353583369,0.01325581520683994,0.02602837783893417,0.031656083736398735,0.07377921226569392,0.4342629482071713,Q_wall->Cl
0.009999999999999787,0.03367978381165353,0.026377863687818404,0.04927293316556809,0.05472141559777072,0.5102778725260928,0.32270916334661354,Q_wall->Cl
0.019999999999999574,0.11218457198696205,0.06513850870029037,0.11047148432838615,0.11945951700159457,1.776745340941363,0.0398406374501992,Q_wall->Cl
0.03999999999999915,0.1396265034888194,0.08521380298274549,0.14309768414904156,0.16593805817868237,1.6228028872611546,0.055776892430278883,Q_wall->Cl
0.05999999999999872,0.07966898590010354,0.05280435323129427,0.0895483074323751,0.09717102545202155,1.2059023989044668,0.14342629482071714,Q_wall->Cl
0.0799999999999983,0.04866962295089486,0.019634413001094614,0.03524005700907128,0.04168577757084089,3.4085981896660935,0.00796812749003984,Q_wall->Cl
0.11999999999999744,0.1291294398195173,0.07243566946178188,0.12217563172141821,0.12890174038107577,2.0334624986715757,0.01195219123505976,Q_wall->Cl
0.1599999999999966,0.020182152824263867,0.022718697650940357,0.042488360523200853,0.045578705987969995,-0.21101375815203993,0.5059760956175299,Q_wall->Cl
0.23999999999999488,0.05234395422821881,0.03661237016379723,0.06684620095444666,0.07208650165267262,0.8636963979559107,0.23904382470119523,Q_wall->Cl
0.3199999999999932,0.04872341639991501,0.05193929757002984,0.08338997080908468,0.08723499684081017,-0.1441942680309424,0.5657370517928287,Q_wall->Cl
0.47999999999998977,0.09632341930037747,0.06387373023685927,0.11059593357413808,0.12131967597453974,1.1748230672986824,0.14741035856573706,Q_wall->Cl
0.004999999999999893,0.021266905042809245,0.020767062380838957,0.038995472037024595,0.04448397735821334,0.05506661229459875,0.35856573705179284,Cl->Q_tube
0.009999999999999787,0.03554710223156225,0.03635042586877112,0.06903239044481717,0.08322581039341519,-0.04712669958668731,0.41832669322709165,Cl->Q_tube
0.019999999999999574,0.056498382984139416,0.06458761006747747,0.1416413491088266,0.15645083647689995,-0.23053398987607238,0.50199203187251,Cl->Q_tube
0.03999999999999915,0.13683276552849866,0.10253523601164857,0.21841867766474257,0.28860865654064294,0.5859423388982851,0.26294820717131473,Cl->Q_tube
0.05999999999999872,0.295818382283613,0.1098789632836751,0.24783575817400358,0.27438421722402107,2.9682898353463654,0.00398406374501992,Cl->Q_tube
0.0799999999999983,0.3769134789107594,0.0865306487501978,0.19220157195327936,0.22337804196563904,6.295257708075294,0.00398406374501992,Cl->Q_tube
0.11999999999999744,0.1352296906369128,0.07060182163593041,0.11088126836375774,0.12346207344608641,2.7297271136289476,0.00398406374501992,Cl->Q_tube
0.1599999999999966,0.20736850800337844,0.07775039453816814,0.11597290008015197,0.1275610086089983,5.079585422552822,0.00398406374501992,Cl->Q_tube
0.23999999999999488,0.2690281527242358,0.0625967736667363,0.09543364238097586,0.11420300081800114,12.651398186665517,0.00398406374501992,Cl->Q_tube
0.3199999999999932,0.05066936985878986,0.04357778346921645,0.06556074637098937,0.06858828003882415,0.5756403591170518,0.26693227091633465,Cl->Q_tube
0.47999999999998977,0.1993209437532782,0.08413917680710607,0.14184288524236752,0.1794431817782777,3.544225986323097,0.00796812749003984,Cl->Q_tube
0.004999999999999893,0.0072998252407736035,0.009180787373944326,0.017162851412863986,0.019826385654737776,-0.391510319233998,0.6175298804780877,Q_tube->Cl
0.009999999999999787,0.017414552854137153,0.019060097707691633,0.035104742519047674,0.03886340745106419,-0.17743686572579428,0.549800796812749,Q_tube->Cl
0.019999999999999574,0.09798191254979198,0.05348767874282858,0.08568154328908795,0.09409496412874482,2.3211794887799964,0.00796812749003984,Q_tube->Cl
0.03999999999999915,0.13471643218213364,0.07084884917963588,0.11949804456321074,0.14192332369735916,2.334335547685268,0.01593625498007968,Q_tube->Cl
0.05999999999999872,0.07884714872518593,0.04104442304374067,0.06703917487641753,0.07483177680473331,2.4592708041335865,0.01195219123505976,Q_tube->Cl
0.0799999999999983,0.05214692308736557,0.016962565603307275,0.030406835435438696,0.040221883146410536,4.727399987988003,0.00398406374501992,Q_tube->Cl
0.11999999999999744,0.10861820945404174,0.057418650588057216,0.0954599458510082,0.10081908522107133,2.482239431479776,0.00796812749003984,Q_tube->Cl
0.1599999999999966,0.012192057741511992,0.01820773510129148,0.03503318303944772,0.037854812730929416,-0.6508035462192517,0.6693227091633466,Q_tube->Cl
0.23999999999999488,0.02713621070561665,0.030036099400029225,0.05429529506295344,0.06852348155644597,-0.20492303981366175,0.5338645418326693,Q_tube->Cl
0.3199999999999932,0.02537065003312578,0.03840082244012584,0.059688368879169555,0.06479791552323703,-0.8442197034693169,0.7091633466135459,Q_tube->Cl
0.47999999999998977,0.05132880968026214,0.05306311769776736,0.10157300557108288,0.1172521444389255,-0.07181639409053454,0.4541832669322709,Q_tube->Cl
0.004999999999999893,0.07026423110699502,0.04029176399947268,0.07638348070814116,0.1017210736753047,1.8684540820945557,0.07171314741035857,Cl->Q_fins
0.009999999999999787,0.11948650560417365,0.07949460503675598,0.1543376584464274,0.18465632132729956,1.1839430837373721,0.14342629482071714,Cl->Q_fins
0.019999999999999574,0.18147141992281723,0.13712433404177235,0.2687608024602128,0.2941087408950983,0.7742776771355427,0.18326693227091634,Cl->Q_fins
0.03999999999999915,0.2484699580821816,0.20391459014523577,0.35261698078901305,0.4262912099361633,0.6312638821739304,0.19123505976095617,Cl->Q_fins
0.05999999999999872,0.32293147009095546,0.16786388752232825,0.3160252222805828,0.36559598666924553,2.452515729800261,0.05179282868525897,Cl->Q_fins
0.0799999999999983,0.4721580447506201,0.14826667270283872,0.26742836084445254,0.31589339267629446,6.21808290663805,0.00398406374501992,Cl->Q_fins
0.11999999999999744,0.22473504432331148,0.15324374875814029,0.23053539260480924,0.25068646697076735,1.4168910746945744,0.099601593625498,Cl->Q_fins
0.1599999999999966,0.14163657483671613,0.07337667895662747,0.11382193860111238,0.12246053486712784,3.0439947273092542,0.00398406374501992,Cl->Q_fins
0.23999999999999488,0.45185811843867973,0.13149149598997412,0.18095517948396098,0.20138861180801262,11.77125300562828,0.00398406374501992,Cl->Q_fins
0.3199999999999932,0.13621763558920935,0.10856079764954539,0.14389044919804939,0.15454459169498852,1.059151811906454,0.15139442231075698,Cl->Q_fins
0.47999999999998977,0.2131681857839726,0.15319265906305748,0.24054383158304135,0.27709018470410435,1.2570382923791878,0.11553784860557768,Cl->Q_fins
0.004999999999999893,0.02775803443674813,0.028164734446884863,0.04726401221864884,0.05171957739580771,-0.03363338590805282,0.5219123505976095,Q_fins->Cl
0.009999999999999787,0.05647212827229492,0.05356047285244512,0.09134833072624476,0.09726712112008065,0.12079080306162393,0.44621513944223107,Q_fins->Cl
0.019999999999999574,0.13063717497400132,0.11201762860287151,0.17769695848667225,0.21680693975449067,0.4687952924950994,0.3426294820717131,Q_fins->Cl
0.03999999999999915,0.1561135817935768,0.137722808540294,0.23526228979901154,0.2729809676154348,0.3668617376356231,0.3426294820717131,Q_fins->Cl
0.05999999999999872,0.1066210039283055,0.09065322393896383,0.15834131191695633,0.16849108912203486,0.4399966270499228,0.3386454183266932,Q_fins->Cl
0.0799999999999983,0.04484699546231581,0.03320275323471601,0.053642773614201694,0.0642064698087723,0.9237770814787912,0.17928286852589642,Q_fins->Cl
0.11999999999999744,0.143434977574818,0.1242734286122201,0.19960528839691813,0.21337727170561738,0.45476953392314373,0.3426294820717131,Q_fins->Cl
0.1599999999999966,0.03354515206156341,0.04503997350805069,0.0734149233976051,0.08111060051744119,-0.6508717647072116,0.6892430278884463,Q_fins->Cl
0.23999999999999488,0.06528903932924338,0.07907023448258298,0.12349637605458984,0.1398974646274956,-0.490136786597776,0.6892430278884463,Q_fins->Cl
0.3199999999999932,0.06947449644028861,0.0892869331494951,0.13434364291372178,0.13932758711762058,-0.6496704330962022,0.6533864541832669,Q_fins->Cl
0.47999999999998977,0.11204799656988959,0.12268162160031224,0.1926745650749755,0.20865304721767083,-0.23092728120992026,0.5776892430278885,Q_fins->Cl
0.004999999999999893,0.03426102754578947,0.014478986221795843,0.03107110714943193,0.03863872579280485,2.605409335485849,0.035856573705179286,Cl->Nu_tube
0.009999999999999787,0.05967409897032899,0.02583975720354723,0.052275025227025984,0.0759386849842976,2.408071485197066,0.043824701195219126,Cl->Nu_tube
0.019999999999999574,0.1212430208092206,0.049591583517994836,0.1075169338878853,0.13937077598910008,2.582267381919012,0.0398406374501992,Cl->Nu_tube
0.03999999999999915,0.19276465064516354,0.0682388769870471,0.14787667415392436,0.16598159154314554,3.5135514135968444,0.00398406374501992,Cl->Nu_tube
0.05999999999999872,0.18946112568984477,0.06681396927971354,0.13982966613983977,0.15539985372030596,3.642029801718007,0.00398406374501992,Cl->Nu_tube
0.0799999999999983,0.15432531158642104,0.058230963604541046,0.10357945644997292,0.13443624764191386,4.13934600878167,0.00398406374501992,Cl->Nu_tube
0.11999999999999744,0.08768111948989471,0.056331212277288205,0.08262783461097754,0.09768117334765852,2.098394884442167,0.03187250996015936,Cl->Nu_tube
0.1599999999999966,0.12182256163300192,0.056203989570672686,0.0764995400931307,0.08307343605844106,4.9185944893646685,0.00398406374501992,Cl->Nu_tube
0.23999999999999488,0.1413261509651956,0.04849664428991538,0.06705482195187044,0.07112200706793917,9.811147558434504,0.00398406374501992,Cl->Nu_tube
0.3199999999999932,0.09536188788228785,0.04219722108186777,0.05497803353142653,0.06255396763588449,7.742490001307753,0.00398406374501992,Cl->Nu_tube
0.47999999999998977,0.12382128795654038,0.06267501033484847,0.1018133753719804,0.1223444133057996,3.1322131996835134,0.01195219123505976,Cl->Nu_tube
0.004999999999999893,0.02454150799560531,0.008906044866846376,0.019708325907849426,0.027241236250115586,3.0218278241457663,0.03187250996015936,Nu_tube->Cl
0.009999999999999787,0.04507193770152987,0.01760117880558222,0.04265599742707017,0.05186167195157641,2.466890878876985,0.05179282868525897,Nu_tube->Cl
0.019999999999999574,0.0662109401320207,0.038985779895004784,0.06942910428294385,0.08698842859739611,1.8316420467180834,0.06374501992031872,Nu_tube->Cl
0.03999999999999915,0.07861411712494516,0.05336649432682076,0.09206464378133405,0.10782241452629615,1.4052738618408465,0.099601593625498,Nu_tube->Cl
0.05999999999999872,0.07185192514675355,0.030742440142043203,0.055201438563318286,0.07398755195794793,3.308866031151977,0.0199203187250996,Nu_tube->Cl
0.0799999999999983,0.011033895691512004,0.01389565413002588,0.02407296097866402,0.02870556597992522,-0.507584084506416,0.6533864541832669,Nu_tube->Cl
0.11999999999999744,0.07543614722992868,0.041314798793437836,0.06144282936909605,0.06686964896906135,3.061101769731465,0.00796812749003984,Nu_tube->Cl
0.1599999999999966,0.03678140811943996,0.01279705266601882,0.020735504601085166,0.02425880210536454,5.671186743570179,0.00398406374501992,Nu_tube->Cl
0.23999999999999488,0.03927426824485647,0.01640691399490077,0.025801644730009538,0.031491120744340025,4.1038230954916886,0.00398406374501992,Nu_tube->Cl
0.3199999999999932,0.054727234640701505,0.018937170217544624,0.025062340252688324,0.027513772062450606,10.035936028774744,0.00398406374501992,Nu_tube->Cl
0.47999999999998977,0.07825047450584234,0.040415755685593385,0.0785224085838272,0.094633065406324,2.301216210249725,0.055776892430278883,Nu_tube->Cl
0.004999999999999893,0.03783038158227291,0.02116373821816489,0.05934556305052236,0.06759664042416567,1.1196258631553684,0.13545816733067728,Cl->Nu_fins
0.009999999999999787,0.06491099813513712,0.03705944737308259,0.09884491939338619,0.13308768739944152,1.0519156039834152,0.13147410358565736,Cl->Nu_fins
0.019999999999999574,0.1319641029261669,0.07030262450460435,0.17880950971307036,0.2301656179217673,1.3368840808665428,0.10358565737051793,Cl->Nu_fins
0.03999999999999915,0.2311857202162327,0.08666417729128714,0.21503575403460004,0.30914021434329936,2.4216191575349812,0.04780876494023904,Cl->Nu_fins
0.05999999999999872,0.25266441099157594,0.0821769109142384,0.16941560627731503,0.22560524651582034,4.0147340875532995,0.00796812749003984,Cl->Nu_fins
0.0799999999999983,0.2411062693808618,0.06923966607628969,0.13147079322388444,0.18022806840488534,5.530028229037503,0.00398406374501992,Cl->Nu_fins
0.11999999999999744,0.07790875682021471,0.06100519609730354,0.09806023849496495,0.11117211497749996,0.9877984926306609,0.1593625498007968,Cl->Nu_fins
0.1599999999999966,0.11945134821472998,0.05575294963710442,0.0772683989102418,0.08684449991561083,4.807232162636919,0.00398406374501992,Cl->Nu_fins
0.23999999999999488,0.17388333625932859,0.04861882786107385,0.06393359445937899,0.07096311105652359,12.832967171044858,0.00398406374501992,Cl->Nu_fins
0.3199999999999932,0.09527866975871527,0.052191022715025855,0.06553005622210796,0.0710608981286246,5.454268657098207,0.00398406374501992,Cl->Nu_fins
0.47999999999998977,0.134913660612824,0.07885752693552683,0.14025291506891818,0.178531230186693,1.9832882393774172,0.06374501992031872,Cl->Nu_fins
0.004999999999999893,0.027096190988178892,0.014967178435861282,0.03972256831727412,0.04903774169273958,1.220944451988919,0.11553784860557768,Nu_fins->Cl
0.009999999999999787,0.044922042997715655,0.0276098125785932,0.07481067818229993,0.10585594560872004,0.8329052335580341,0.13545816733067728,Nu_fins->Cl
0.019999999999999574,0.08311320936460385,0.05831986242149496,0.12182261839877341,0.1807139231751979,0.8192722080204482,0.12350597609561753,Nu_fins->Cl
0.03999999999999915,0.09778383317815986,0.0764247372154128,0.14860991000938095,0.20348613561799375,0.6588355717493445,0.14342629482071714,Nu_fins->Cl
0.05999999999999872,0.08201846106031055,0.042975631373020656,0.07791750901817843,0.12070539063343387,2.1245098609827573,0.04780876494023904,Nu_fins->Cl
0.0799999999999983,0.017406636632365052,0.018941252503439743,0.0322219978224073,0.03671958394830497,-0.20885427006361804,0.5179282868525896,Nu_fins->Cl
0.11999999999999744,0.08997035020084025,0.060346809451039735,0.09580691740200786,0.11290125582496094,1.725013088517261,0.07171314741035857,Nu_fins->Cl
0.1599999999999966,0.04212423479595295,0.019519847496441624,0.033355780589664874,0.03560516243164793,3.5598774986309207,0.00398406374501992,Nu_fins->Cl
0.23999999999999488,0.05123637319283164,0.025884386319151874,0.04079033062444185,0.048078064722326716,2.9741318666679657,0.00398406374501992,Nu_fins->Cl
0.3199999999999932,0.06510024718239099,0.029214663721435403,0.04256848738238975,0.04626610911437582,4.377893886441817,0.00398406374501992,Nu_fins->Cl
0.47999999999998977,0.07989910375791778,0.06062778417874205,0.10878355188507047,0.14325015608390534,0.8072487988644919,0.15139442231075698,Nu_fins->Cl
0.004999999999999893,0.03783725675061306,0.01647818371945818,0.03631269705644439,0.04987723245788892,2.0285542677431376,0.035856573705179286,Cl->Nu_EB
0.009999999999999787,0.06999504120762859,0.029241797036885415,0.06632569227469527,0.07453334180362202,2.207486448347423,0.03187250996015936,Cl->Nu_EB
0.019999999999999574,0.13896404025115683,0.05512847180678325,0.1278479295195265,0.17638306670073856,2.223553421953415,0.043824701195219126,Cl->Nu_EB
0.03999999999999915,0.26478599102250633,0.07554438447695236,0.18267263359191083,0.19682125038349693,4.069261434569008,0.00398406374501992,Cl->Nu_EB
0.05999999999999872,0.2602087345189868,0.06675296485146487,0.1483812121711275,0.1751144460982785,5.239746999077379,0.00398406374501992,Cl->Nu_EB
0.0799999999999983,0.20042893251384206,0.05646661681305532,0.11157773382963347,0.13501831328285888,5.8493254789996,0.00398406374501992,Cl->Nu_EB
0.11999999999999744,0.11021706986601507,0.059772067079311264,0.09199392340176468,0.09727174268698478,3.1425431494654523,0.00796812749003984,Cl->Nu_EB
0.1599999999999966,0.10002445498399415,0.04899333394263826,0.06978786856905408,0.07867619582556629,4.469813825606992,0.00398406374501992,Cl->Nu_EB
0.23999999999999488,0.16147254148510778,0.04616718302706244,0.0628097953600353,0.07227505635404034,11.63724492317238,0.00398406374501992,Cl->Nu_EB
0.3199999999999932,0.11016416700390728,0.04324410704340698,0.05477663943918756,0.05914658910302708,8.310624412898246,0.00398406374501992,Cl->Nu_EB
0.47999999999998977,0.13189459601981698,0.06772258642807773,0.10793457868916216,0.13391922933869282,3.0447060954194316,0.0199203187250996,Cl->Nu_EB
0.004999999999999893,0.028902554246723614,0.011479021834891733,0.027012648533315642,0.03503701435257405,2.3271396301532676,0.0398406374501992,Nu_EB->Cl
0.009999999999999787,0.05494317431200935,0.020685328795071484,0.05007238782811203,0.07029842988868706,2.3985448706101926,0.04780876494023904,Nu_EB->Cl
0.019999999999999574,0.10176981004286895,0.04595135836665702,0.0814394045750527,0.10397845704888312,2.986574836405332,0.0199203187250996,Nu_EB->Cl
0.03999999999999915,0.11668093291209769,0.06051951234808191,0.10008012649972096,0.12717167400049348,2.5408866711033964,0.035856573705179286,Nu_EB->Cl
0.05999999999999872,0.08766353755877021,0.03592903542436602,0.06994109935575285,0.08037695157907447,3.201227495857174,0.01195219123505976,Nu_EB->Cl
0.0799999999999983,0.026151093932058205,0.015898227853998224,0.02886333398918933,0.03337988257289985,1.540742574006925,0.09561752988047809,Nu_EB->Cl
0.11999999999999744,0.11002329358823258,0.049195617921036924,0.07680297325335769,0.08478804794491863,4.065282810183869,0.00398406374501992,Nu_EB->Cl
0.1599999999999966,0.038868768984313615,0.01384857916717213,0.02261185104319955,0.025946010238202654,5.140586620119212,0.00398406374501992,Nu_EB->Cl
0.23999999999999488,0.059512535758599355,0.016530484490318947,0.02712123566309243,0.032249527791542255,7.945219029133255,0.00398406374501992,Nu_EB->Cl
0.3199999999999932,0.0718666789612085,0.018924065249973282,0.02693317249000521,0.02996287777806912,11.69823338839521,0.00398406374501992,Nu_EB->Cl
0.47999999999998977,0.09528394649583949,0.05016472691066566,0.10048472820233624,0.1159501368780327,1.9299595176423823,0.07171314741035857,Nu_EB->Cl
