pair,source,target,category,lag_s,te_bits,surrogate_mean_bits,surrogate_p95_bits,surrogate_p99_bits,excess_over_p95_bits,z_score,p_empirical,significant_p95,significant_p99,side,x_m,x_mm
Cl->fin_z_min_xbin_01,Cl,fin_z_min_xbin_01,fin_x_bin,0.0799999999999983,0.20033835201654304,0.054495288729720225,0.09434881339848918,0.11661753819572673,0.10598953861805387,6.87871296031473,0.006211180124223602,True,True,fin_z_min,-0.01236928375,-12.36928375
Cl->fin_z_min_xbin_02,Cl,fin_z_min_xbin_02,fin_x_bin,0.0799999999999983,0.20040122490838685,0.05493381878448232,0.1055692088019948,0.11845326003493091,0.09483201610639205,6.406843061924737,0.006211180124223602,True,True,fin_z_min,-0.00830208,-8.30208
Cl->fin_z_min_xbin_03,Cl,fin_z_min_xbin_03,fin_x_bin,0.0799999999999983,0.20447401023789796,0.05845393906421694,0.10563528625171999,0.1433541850082096,0.09883872398617798,5.471531402656884,0.006211180124223602,True,True,fin_z_min,-0.005879065,-5.879065
Cl->fin_z_min_xbin_04,Cl,fin_z_min_xbin_04,fin_x_bin,0.03999999999999915,0.27553013516080094,0.07549319903114837,0.18402670627154258,0.21208001676370483,0.09150342888925836,4.099469256042216,0.006211180124223602,True,True,fin_z_min,-0.004494485,-4.494485
Cl->fin_z_min_xbin_05,Cl,fin_z_min_xbin_05,fin_x_bin,0.0799999999999983,0.20828121199783844,0.058373727171923816,0.119621960938542,0.1430254244271322,0.08865925105929645,5.751102463145843,0.006211180124223602,True,True,fin_z_min,-0.0031099050000000005,-3.1099050000000004
Cl->fin_z_min_xbin_06,Cl,fin_z_min_xbin_06,fin_x_bin,0.03999999999999915,0.2806584111117771,0.0744094585134135,0.18611114324872774,0.22752679874250645,0.09454726786304934,4.00700740061572,0.006211180124223602,True,True,fin_z_min,-0.0017253250000000006,-1.7253250000000007
Cl->fin_z_min_xbin_07,Cl,fin_z_min_xbin_07,fin_x_bin,0.0799999999999983,0.20831817995317073,0.05652705758233685,0.10780548114263697,0.13187182651254176,0.10051269881053376,6.111381989289024,0.006211180124223602,True,True,fin_z_min,-0.0003407450000000008,-0.3407450000000008
Cl->fin_z_min_xbin_08,Cl,fin_z_min_xbin_08,fin_x_bin,0.0799999999999983,0.21856874953815245,0.059172891473298114,0.11492039634667574,0.14280580811159846,0.10364835319147671,6.01431200150847,0.006211180124223602,True,True,fin_z_min,0.001043834999999999,1.043834999999999
Cl->fin_z_min_xbin_09,Cl,fin_z_min_xbin_09,fin_x_bin,0.0799999999999983,0.2241495507476819,0.056671078453869796,0.1098231022884066,0.12943976570248736,0.1143264484592753,6.731308439204142,0.006211180124223602,True,True,fin_z_min,0.0024284149999999993,2.4284149999999993
Cl->fin_z_min_xbin_10,Cl,fin_z_min_xbin_10,fin_x_bin,0.0799999999999983,0.2407387800620482,0.05771967212397826,0.11465398233366512,0.15743844124964892,0.1260847977283831,6.353891341473283,0.006211180124223602,True,True,fin_z_min,0.0038129949999999983,3.812994999999998
Cl->fin_z_min_xbin_11,Cl,fin_z_min_xbin_11,fin_x_bin,0.0799999999999983,0.27781491820904164,0.07472615399040866,0.14796728550195484,0.1584415760366862,0.1298476327070868,6.892914389273658,0.006211180124223602,True,True,fin_z_min,0.005197574999999999,5.197575
Cl->fin_z_min_xbin_12,Cl,fin_z_min_xbin_12,fin_x_bin,0.0799999999999983,0.22901239921619979,0.07104141128135218,0.11788280965547827,0.1508794722857481,0.11112958956072151,6.1042976423172695,0.006211180124223602,True,True,fin_z_min,0.006668691249999999,6.668691249999999
Cl->fin_z_min_xbin_13,Cl,fin_z_min_xbin_13,fin_x_bin,0.0799999999999983,0.3199959051649139,0.09049722600522765,0.16975821325558985,0.21598061342742564,0.15023769190932404,6.210574827188269,0.006211180124223602,True,True,fin_z_min,0.008659024999999997,8.659024999999998
Cl->fin_z_min_xbin_14,Cl,fin_z_min_xbin_14,fin_x_bin,0.0799999999999983,0.3789222620996717,0.11005137416410615,0.190676157972796,0.24653798829328114,0.18824610412687573,6.6330270011406745,0.006211180124223602,True,True,fin_z_min,0.010332059166666664,10.332059166666664
Cl->fin_z_min_xbin_15,Cl,fin_z_min_xbin_15,fin_x_bin,0.0799999999999983,0.3640536957609053,0.12153552154531089,0.23083003021067372,0.28810569344888054,0.13322366555023157,5.364845511521538,0.006211180124223602,True,True,fin_z_min,0.011832020833333332,11.832020833333331
Cl->fin_z_min_xbin_16,Cl,fin_z_min_xbin_16,fin_x_bin,0.0799999999999983,0.24755915714883997,0.09295464265490808,0.1471601300926255,0.19618169994586387,0.10039902705621448,5.06278751584472,0.006211180124223602,True,True,fin_z_min,0.013331982499999999,13.331982499999999
Cl->fin_z_max_xbin_01,Cl,fin_z_max_xbin_01,fin_x_bin,0.0799999999999983,0.20094838410312785,0.055549484081815634,0.09761033909112019,0.1318657281093175,0.10333804501200766,6.107592991405144,0.006211180124223602,True,True,fin_z_max,-0.01236928375,-12.36928375
Cl->fin_z_max_xbin_02,Cl,fin_z_max_xbin_02,fin_x_bin,0.03999999999999915,0.2595450348802814,0.07161585204767067,0.16222927063659415,0.20681413317474262,0.09731576424368726,4.271004820710051,0.006211180124223602,True,True,fin_z_max,-0.00830208,-8.30208
Cl->fin_z_max_xbin_03,Cl,fin_z_max_xbin_03,fin_x_bin,0.0799999999999983,0.20197692354264826,0.059769422506634196,0.10807963365578463,0.13376655918239286,0.09389728988686363,5.794952830661951,0.006211180124223602,True,True,fin_z_max,-0.005879065,-5.879065
Cl->fin_z_max_xbin_04,Cl,fin_z_max_xbin_04,fin_x_bin,0.03999999999999915,0.27776124543996555,0.0732281422013618,0.17285861635679775,0.21340293957425926,0.1049026290831678,4.359059534669276,0.006211180124223602,True,True,fin_z_max,-0.004494485,-4.494485
Cl->fin_z_max_xbin_05,Cl,fin_z_max_xbin_05,fin_x_bin,0.0799999999999983,0.21148208826335685,0.05901172464337538,0.11508548836051342,0.142227561186023,0.09639659990284342,5.693500491970057,0.006211180124223602,True,True,fin_z_max,-0.0031099050000000005,-3.1099050000000004
Cl->fin_z_max_xbin_06,Cl,fin_z_max_xbin_06,fin_x_bin,0.03999999999999915,0.2868212419560417,0.08403439530550598,0.2021537103371469,0.22622890081244246,0.08466753161889479,3.7090242950197245,0.006211180124223602,True,True,fin_z_max,-0.0017253250000000006,-1.7253250000000007
Cl->fin_z_max_xbin_07,Cl,fin_z_max_xbin_07,fin_x_bin,0.03999999999999915,0.2669655847194139,0.06947122904032436,0.1559254151297949,0.18912279700616252,0.11104016958961899,4.6222022780931225,0.006211180124223602,True,True,fin_z_max,-0.0003407450000000008,-0.3407450000000008
Cl->fin_z_max_xbin_08,Cl,fin_z_max_xbin_08,fin_x_bin,0.0799999999999983,0.22086204641318638,0.058156807514002665,0.11977688807893039,0.14437353175877862,0.10108515833425599,5.780659486710268,0.006211180124223602,True,True,fin_z_max,0.001043834999999999,1.043834999999999
Cl->fin_z_max_xbin_09,Cl,fin_z_max_xbin_09,fin_x_bin,0.0799999999999983,0.22251422139463303,0.06036420099516273,0.11991992019032088,0.14496513781400713,0.10259430120431215,5.390404442911421,0.006211180124223602,True,True,fin_z_max,0.0024284149999999993,2.4284149999999993
Cl->fin_z_max_xbin_10,Cl,fin_z_max_xbin_10,fin_x_bin,0.0799999999999983,0.2477927898671526,0.05934325063858799,0.11112038055424926,0.1533927451783487,0.13667240931290336,6.5539592508592595,0.006211180124223602,True,True,fin_z_max,0.0038129949999999983,3.812994999999998
Cl->fin_z_max_xbin_11,Cl,fin_z_max_xbin_11,fin_x_bin,0.0799999999999983,0.2677084681420753,0.07832091930791049,0.14708619701044384,0.19476801217397702,0.12062227113163143,5.580931368592639,0.006211180124223602,True,True,fin_z_max,0.005197574999999999,5.197575
Cl->fin_z_max_xbin_12,Cl,fin_z_max_xbin_12,fin_x_bin,0.0799999999999983,0.1990985448963068,0.07120152904592184,0.1260483078184007,0.14176596934522206,0.07305023707790609,4.854742415982125,0.006211180124223602,True,True,fin_z_max,0.006668691249999999,6.668691249999999
Cl->fin_z_max_xbin_13,Cl,fin_z_max_xbin_13,fin_x_bin,0.0799999999999983,0.20477137975236326,0.09755926210329718,0.14843688917715955,0.17624537695657752,0.056334490575203705,3.3521759456149094,0.006211180124223602,True,True,fin_z_max,0.008659024999999997,8.659024999999998
Cl->fin_z_max_xbin_14,Cl,fin_z_max_xbin_14,fin_x_bin,0.0799999999999983,0.3154159024582411,0.11598942940658807,0.1997377932821168,0.22098416070070057,0.11567810917612428,4.003993445971432,0.006211180124223602,True,True,fin_z_max,0.010332059166666664,10.332059166666664
Cl->fin_z_max_xbin_15,Cl,fin_z_max_xbin_15,fin_x_bin,0.0799999999999983,0.3769485461480465,0.1349057416816199,0.25829485296611937,0.2760285006422719,0.11865369318192714,4.389170788522656,0.006211180124223602,True,True,fin_z_max,0.011832020833333332,11.832020833333331
Cl->fin_z_max_xbin_16,Cl,fin_z_max_xbin_16,fin_x_bin,0.0799999999999983,0.3049387866334478,0.10829721986830196,0.21187261882878763,0.2482039125539426,0.09306616780466018,4.507948361865054,0.006211180124223602,True,True,fin_z_max,0.013331982499999999,13.331982499999999
