pair,source,target,category,lag_s,te_bits,surrogate_mean_bits,surrogate_p95_bits,surrogate_p99_bits,excess_over_p95_bits,z_score,p_empirical,significant_p95,significant_p99
Cl->Q_wall,Cl,Q_wall,global,0.23999999999999488,0.23675922203929847,0.10195199864439004,0.13448240636248268,0.14480508479116813,0.10227681567681579,6.330622187374196,0.00398406374501992,True,True
Q_wall->Cl,Q_wall,Cl,global,0.0799999999999983,0.04866962295089486,0.019634413001094614,0.03524005700907128,0.04168577757084089,0.013429565941823582,3.4085981896660935,0.00796812749003984,True,True
Cl->Q_tube,Cl,Q_tube,global,0.0799999999999983,0.3769134789107594,0.0865306487501978,0.19220157195327936,0.22337804196563904,0.18471190695748002,6.295257708075294,0.00398406374501992,True,True
Q_tube->Cl,Q_tube,Cl,global,0.0799999999999983,0.05214692308736557,0.016962565603307275,0.030406835435438696,0.040221883146410536,0.021740087651926875,4.727399987988003,0.00398406374501992,True,True
Cl->Q_fins,Cl,Q_fins,global,0.23999999999999488,0.45185811843867973,0.13149149598997412,0.18095517948396098,0.20138861180801262,0.27090293895471873,11.77125300562828,0.00398406374501992,True,True
Q_fins->Cl,Q_fins,Cl,global,0.0799999999999983,0.04484699546231581,0.03320275323471601,0.053642773614201694,0.0642064698087723,-0.008795778151885883,0.9237770814787912,0.17928286852589642,False,False
Cl->Nu_tube,Cl,Nu_tube,global,0.23999999999999488,0.1413261509651956,0.04849664428991538,0.06705482195187044,0.07112200706793917,0.07427132901332516,9.811147558434504,0.00398406374501992,True,True
Nu_tube->Cl,Nu_tube,Cl,global,0.3199999999999932,0.054727234640701505,0.018937170217544624,0.025062340252688324,0.027513772062450606,0.02966489438801318,10.035936028774744,0.00398406374501992,True,True
Cl->Nu_fins,Cl,Nu_fins,global,0.23999999999999488,0.17388333625932859,0.04861882786107385,0.06393359445937899,0.07096311105652359,0.1099497417999496,12.832967171044858,0.00398406374501992,True,True
Nu_fins->Cl,Nu_fins,Cl,global,0.3199999999999932,0.06510024718239099,0.029214663721435403,0.04256848738238975,0.04626610911437582,0.022531759800001244,4.377893886441817,0.00398406374501992,True,True
Cl->Nu_EB,Cl,Nu_EB,global,0.05999999999999872,0.2602087345189868,0.06675296485146487,0.1483812121711275,0.1751144460982785,0.11182752234785928,5.239746999077379,0.00398406374501992,True,True
Nu_EB->Cl,Nu_EB,Cl,global,0.3199999999999932,0.0718666789612085,0.018924065249973282,0.02693317249000521,0.02996287777806912,0.0449335064712033,11.69823338839521,0.00398406374501992,True,True
Cl->POD_U_1,Cl,POD_U_1,modal,0.3200000000000003,0.5840110247279068,0.12075166331056629,0.20041734836821523,0.21632082776876232,0.38359367635969155,8.69397852191952,0.00398406374501992,True,True
POD_U_1->Cl,POD_U_1,Cl,modal_reverse,0.3200000000000003,0.6408608690478734,0.13386748863993345,0.21890345193301264,0.24591665314948874,0.4219574171148608,8.635924185704317,0.00398406374501992,True,True
Cl->POD_U_2,Cl,POD_U_2,modal,0.3200000000000003,0.6712755489631962,0.1321431059810811,0.2069799171082557,0.2149022217515757,0.4642956318549405,10.361902639042723,0.00398406374501992,True,True
POD_U_2->Cl,POD_U_2,Cl,modal_reverse,0.3200000000000003,0.4502598350769056,0.13064658453806646,0.2122557890525609,0.24554644792525238,0.2380040460243447,5.636019491174981,0.00398406374501992,True,True
Cl->POD_U_3,Cl,POD_U_3,modal,0.3200000000000003,0.6329959085395992,0.06325438872645474,0.09006816007966974,0.09354035274765879,0.5429277484599294,44.4788424121439,0.00398406374501992,True,True
POD_U_3->Cl,POD_U_3,Cl,modal_reverse,0.3200000000000003,0.5979472496789989,0.037773229464591294,0.05795694724379534,0.06425728442641139,0.5399903024352036,52.59106723034019,0.00398406374501992,True,True
Cl->POD_U_4,Cl,POD_U_4,modal,0.3200000000000003,0.16772407753157903,0.06262423877713005,0.0808384280942687,0.09375765359945776,0.08688564943731034,9.079066564697412,0.00398406374501992,True,True
POD_U_4->Cl,POD_U_4,Cl,modal_reverse,0.3200000000000003,0.09179596691245163,0.03975761053574387,0.05873797304120852,0.0703956245939678,0.03305799387124311,4.854349964000046,0.00398406374501992,True,True
Cl->POD_T_1,Cl,POD_T_1,modal,0.08000000000000007,0.022677100213528062,0.08026403559041968,0.15071398221882504,0.17339951801387182,-0.12803688200529698,-1.6281570871701638,1.0,False,False
POD_T_1->Cl,POD_T_1,Cl,modal_reverse,0.08000000000000007,0.14909270679161243,0.08861543837307516,0.1651634934034434,0.19694088661437034,-0.01607078661183098,1.640298321895578,0.08764940239043825,False,False
Cl->POD_T_2,Cl,POD_T_2,modal,0.3200000000000003,0.6988990538205124,0.13185203926781128,0.21172431735175073,0.2240692746181769,0.4871747364687617,10.217369288708435,0.00398406374501992,True,True
POD_T_2->Cl,POD_T_2,Cl,modal_reverse,0.040000000000000036,1.2167636898219392,0.2976945740121443,0.6187409111890643,0.7603048316991939,0.5980227786328749,6.237719426523914,0.00398406374501992,True,True
Cl->POD_T_3,Cl,POD_T_3,modal,0.16000000000000014,0.16043911898672772,0.04563722876573668,0.08309243326254491,0.10698764971501643,0.07734668572418281,6.607857781300885,0.00398406374501992,True,True
POD_T_3->Cl,POD_T_3,Cl,modal_reverse,0.3200000000000003,0.09446660025630849,0.04072677488758782,0.0687104398513866,0.08732677900385906,0.025756160404921888,3.6158733050141088,0.00398406374501992,True,True
Cl->POD_T_4,Cl,POD_T_4,modal,0.3200000000000003,0.6832053686045453,0.08190250700464247,0.1031481351942648,0.11435319731435181,0.5800572334102805,48.16815919137893,0.00398406374501992,True,True
POD_T_4->Cl,POD_T_4,Cl,modal_reverse,0.3200000000000003,0.6188100416460196,0.045392275063263925,0.0750472287575083,0.1049971024860367,0.5437628128885112,33.69225243242843,0.00398406374501992,True,True
Cl->POD_joint_1,Cl,POD_joint_1,modal,0.3200000000000003,0.1955795105888531,0.11935857339770312,0.21381397577969966,0.22861446668502072,-0.018234465190846566,1.3513887667712807,0.099601593625498,False,False
POD_joint_1->Cl,POD_joint_1,Cl,modal_reverse,0.16000000000000014,0.2641212139626954,0.08586306694012348,0.15915823525425182,0.188654640458472,0.10496297870844357,4.264745225401116,0.00398406374501992,True,True
Cl->POD_joint_2,Cl,POD_joint_2,modal,0.3200000000000003,0.6629051131562912,0.12626360880300802,0.20897703367135986,0.23571654007706852,0.4539280794849313,9.144316338191645,0.00398406374501992,True,True
POD_joint_2->Cl,POD_joint_2,Cl,modal_reverse,0.040000000000000036,1.1894234259926326,0.3096498153658398,0.6424683543665408,0.7729835471666192,0.5469550716260918,5.944578659771428,0.00398406374501992,True,True
Cl->POD_joint_3,Cl,POD_joint_3,modal,0.3200000000000003,0.16367233236126663,0.055065873331227214,0.07191678691729415,0.07810872684302171,0.09175554544397248,9.958276539415557,0.00398406374501992,True,True
POD_joint_3->Cl,POD_joint_3,Cl,modal_reverse,0.3200000000000003,0.3032194853071584,0.038139346529181155,0.07048858054120884,0.09150857184576508,0.2327309047659496,16.835777331529098,0.00398406374501992,True,True
Cl->POD_joint_4,Cl,POD_joint_4,modal,0.3200000000000003,0.5996549025704238,0.052484755335659584,0.07360837897294555,0.08343986920903451,0.5260465235974782,40.60918749174767,0.00398406374501992,True,True
POD_joint_4->Cl,POD_joint_4,Cl,modal_reverse,0.3200000000000003,0.5974959486792265,0.038181866867121245,0.06855269372260485,0.07870948606543451,0.5289432549566216,34.21757359396092,0.00398406374501992,True,True
Q_wall->POD_U_1,Q_wall,POD_U_1,modal,0.040000000000000036,0.16785122369468608,0.08946678525830958,0.12375574481776064,0.13523436245914358,0.04409547887692544,3.888893922861719,0.00398406374501992,True,True
POD_U_1->Q_wall,POD_U_1,Q_wall,modal_reverse,0.020000000000000018,0.141586748463012,0.09786425270490764,0.14689030043552012,0.15727977252697142,-0.005303551972508119,1.4064316814672186,0.08764940239043825,False,False
Q_wall->POD_U_2,Q_wall,POD_U_2,modal,0.08000000000000007,0.04611474978804944,0.041306051196074924,0.06978132416095771,0.09015735788540481,-0.02366657437290827,0.30476673404896465,0.3784860557768924,False,False
POD_U_2->Q_wall,POD_U_2,Q_wall,modal_reverse,0.08000000000000007,0.24596650160059313,0.12908214611270696,0.19502423780821826,0.21903904177300637,0.050942263792374876,2.7527838533642135,0.00398406374501992,True,True
Q_wall->POD_U_3,Q_wall,POD_U_3,modal,0.3200000000000003,0.12320404655274589,0.08064279418009004,0.10201146736845046,0.12956264623707756,0.02119257918429543,3.4985801306126,0.0199203187250996,True,False
POD_U_3->Q_wall,POD_U_3,Q_wall,modal_reverse,0.040000000000000036,0.09919534863652765,0.04852454574907377,0.07570409869424717,0.08335613579809904,0.02349124994228048,3.244279898244213,0.00398406374501992,True,True
Q_wall->POD_U_4,Q_wall,POD_U_4,modal,0.020000000000000018,0.1262883792658183,0.07552921403847042,0.11008251404426063,0.12877602891801723,0.01620586522155766,2.289490161802892,0.01593625498007968,True,False
POD_U_4->Q_wall,POD_U_4,Q_wall,modal_reverse,0.3200000000000003,0.08262172426952552,0.0540891251217153,0.07496551568599796,0.08140389070459521,0.007656208583527557,2.524081517481277,0.01195219123505976,True,True
Q_wall->POD_T_1,Q_wall,POD_T_1,modal,0.040000000000000036,0.10448047960884686,0.0895238762816826,0.12482700312885632,0.1414681146868215,-0.020346523520009457,0.6946785608760675,0.250996015936255,False,False
POD_T_1->Q_wall,POD_T_1,Q_wall,modal_reverse,0.08000000000000007,0.25429433266348633,0.1302029886838234,0.20316226341615468,0.22584523359574893,0.05113206924733166,2.750390636411979,0.00398406374501992,True,True
Q_wall->POD_T_2,Q_wall,POD_T_2,modal,0.3200000000000003,0.09937667006193131,0.06492469941903581,0.08768644401013223,0.09426148309439153,0.011690226051799077,2.0526129095033396,0.00398406374501992,True,True
POD_T_2->Q_wall,POD_T_2,Q_wall,modal_reverse,0.020000000000000018,0.17458701745630986,0.09706783439641556,0.1449552857092801,0.15451514823974036,0.029631731747029766,2.507888595109683,0.00398406374501992,True,True
Q_wall->POD_T_3,Q_wall,POD_T_3,modal,0.020000000000000018,0.11955126692239838,0.07944746393669025,0.10984171724583904,0.1384514746554056,0.009709549676559348,1.909709862772506,0.03187250996015936,True,False
POD_T_3->Q_wall,POD_T_3,Q_wall,modal_reverse,0.020000000000000018,0.08629807936478133,0.042527991790431374,0.06767521316393142,0.09032806734372247,0.018622866200849908,3.0222205189206783,0.01593625498007968,True,False
Q_wall->POD_T_4,Q_wall,POD_T_4,modal,0.020000000000000018,0.12636169532095684,0.07874040501093786,0.11582009144031487,0.13040471134098142,0.010541603880641973,2.2873988573619597,0.01593625498007968,True,False
POD_T_4->Q_wall,POD_T_4,Q_wall,modal_reverse,0.3200000000000003,0.06812025914460954,0.05449351472828644,0.07055292444590625,0.07623260421236853,-0.0024326653012967103,1.246019782709958,0.14342629482071714,False,False
Q_wall->POD_joint_1,Q_wall,POD_joint_1,modal,0.040000000000000036,0.1224748377286473,0.0902289274249739,0.13591085635337777,0.15383764214553317,-0.01343601862473047,1.248524046138861,0.10756972111553785,False,False
POD_joint_1->Q_wall,POD_joint_1,Q_wall,modal_reverse,0.08000000000000007,0.25264853959435835,0.1241492391613718,0.19600691349661412,0.24032163063981052,0.05664162609774423,2.940860980553592,0.00796812749003984,True,True
Q_wall->POD_joint_2,Q_wall,POD_joint_2,modal,0.040000000000000036,0.16079156522379565,0.09422730215530375,0.12974100472286298,0.15405884295961786,0.03105056050093266,2.9948665591333588,0.00796812749003984,True,True
POD_joint_2->Q_wall,POD_joint_2,Q_wall,modal_reverse,0.040000000000000036,0.2737572684570264,0.14213603500229857,0.2175002482942541,0.24843118382633944,0.056257020162772314,2.6255991032590114,0.00398406374501992,True,True
Q_wall->POD_joint_3,Q_wall,POD_joint_3,modal,0.3200000000000003,0.12346015930977564,0.08725120323911306,0.11345835241430223,0.11966024068076599,0.010001806895473406,2.1091821548381695,0.00398406374501992,True,True
POD_joint_3->Q_wall,POD_joint_3,Q_wall,modal_reverse,0.040000000000000036,0.08236188263863958,0.048305697240056004,0.07286644647861515,0.08995454106809388,0.009495436160024434,2.1743146055549545,0.035856573705179286,True,False
Q_wall->POD_joint_4,Q_wall,POD_joint_4,modal,0.3200000000000003,0.11680679289534278,0.07945617693502333,0.10521129743623642,0.10805127221622189,0.011595495459106361,2.6646778990386197,0.00398406374501992,True,True
POD_joint_4->Q_wall,POD_joint_4,Q_wall,modal_reverse,0.16000000000000014,0.061182036917882154,0.05146571878722618,0.06893986115527048,0.0818467104204621,-0.007757824237388328,0.8684593028909775,0.16733067729083664,False,False
