phase_bin,phase_deg,x_m,x_mm,Nu_fin_z_min,Nu_fin_z_max
0,11.25,-0.0136673275,-13.667327499999999,12.97759059038929,12.977901087103351
0,11.25,-0.0133211825,-13.3211825,nan,nan
0,11.25,-0.012975037499999998,-12.975037499999997,21.750754905290957,21.751500316751635
0,11.25,-0.012628892499999999,-12.6288925,nan,nan
0,11.25,-0.0122827475,-12.2827475,nan,nan
0,11.25,-0.0119366025,-11.936602500000001,15.43137113442445,15.431796724256508
0,11.25,-0.011590457499999998,-11.590457499999998,nan,nan
0,11.25,-0.011244312499999999,-11.2443125,nan,nan
0,11.25,-0.0108981675,-10.8981675,12.034170091193044,12.03385063327554
0,11.25,-0.010552022500000001,-10.552022500000001,nan,nan
0,11.25,-0.010205877499999998,-10.205877499999998,nan,nan
0,11.25,-0.0098597325,-9.8597325,10.255268614081244,10.25457184346284
0,11.25,-0.0095135875,-9.5135875,nan,nan
0,11.25,-0.009167442500000001,-9.167442500000002,nan,nan
0,11.25,-0.008821297499999999,-8.821297499999998,9.21738527579955,9.216724452403348
0,11.25,-0.0084751525,-8.4751525,nan,nan
0,11.25,-0.0081290075,-8.1290075,nan,nan
0,11.25,-0.0077828625,-7.7828625,8.631202270220234,8.630816453541694
0,11.25,-0.0074367175,-7.4367175,nan,nan
0,11.25,-0.0070905725,-7.0905724999999995,nan,nan
0,11.25,-0.0067444275000000005,-6.7444275000000005,8.189790530212505,8.18974307873615
0,11.25,-0.0063982825,-6.3982825,6.146025215865738,6.14589607760011
0,11.25,-0.0060521375,-6.0521375,5.219648108595305,5.220541261621957
0,11.25,-0.0057059925,-5.7059925,2.858318171825247,2.8582372516663628
0,11.25,-0.005359847500000001,-5.359847500000001,4.37029287408264,4.370197072586463
0,11.25,-0.005013702500000001,-5.013702500000001,5.862931542945466,5.8710135454874175
0,11.25,-0.0046675575,-4.6675575,2.478352965360739,2.478270770621393
0,11.25,-0.0043214125,-4.3214125,4.805372451503465,4.799775910310818
0,11.25,-0.003975267500000001,-3.9752675000000006,5.796530991427217,5.827579814817638
0,11.25,-0.003629122500000001,-3.6291225000000007,2.9993391931273026,3.0007528369992342
0,11.25,-0.0032829775,-3.2829775,4.265533615619819,4.275881123398167
0,11.25,-0.0029368325,-2.9368325,5.745337292215646,5.682685251158561
0,11.25,-0.002590687500000001,-2.590687500000001,3.499016694644136,3.5071095897389672
0,11.25,-0.002244542500000001,-2.244542500000001,1.7635420648608973,1.7671262412612885
0,11.25,-0.0018983975000000002,-1.8983975000000002,5.427756875171496,5.433034825582904
0,11.25,-0.0015522525000000002,-1.5522525000000003,2.8609453210263216,2.8665394717999786
0,11.25,-0.0012061075000000011,-1.2061075000000012,1.9313381582753208,1.9342596117033748
0,11.25,-0.0008599625000000012,-0.8599625000000012,4.519590209351336,4.522734074358649
0,11.25,-0.0005138175000000004,-0.5138175000000004,2.08647641890631,2.089578976538619
0,11.25,-0.0001676725000000004,-0.1676725000000004,4.9372602638452525,4.871130396778589
0,11.25,0.0001784724999999987,0.1784724999999987,1.2262188841443236,1.2273944117065214
0,11.25,0.0005246174999999987,0.5246174999999986,5.3508450869973,5.354506191356389
0,11.25,0.0008707624999999995,0.8707624999999994,4.683454394580612,4.697109519752217
0,11.25,0.0012169074999999994,1.2169074999999994,1.1724768716701224,1.1730579095094775
0,11.25,0.0015630524999999985,1.5630524999999986,3.8660689498734757,3.8669911018507097
0,11.25,0.0019091974999999994,1.9091974999999994,4.790757470701326,4.799213930139314
0,11.25,0.0022553425,2.2553425000000002,0.5236374673753751,0.5236038212812398
0,11.25,0.0026014874999999993,2.6014874999999993,3.742104865839531,3.7406991779356527
0,11.25,0.0029476324999999984,2.9476324999999983,4.160326097188783,4.141574878694159
0,11.25,0.0032937774999999975,3.2937774999999974,3.3196633119274797,3.293084258751658
0,11.25,0.0036399224999999983,3.639922499999998,0.35888548312328333,0.357598998212937
0,11.25,0.003986067499999999,3.986067499999999,3.7211299697914417,3.7220805273935054
0,11.25,0.004332212499999998,4.332212499999998,3.1590072217007275,3.1565635936940537
0,11.25,0.004678357499999999,4.678357499999999,0.1484971293837155,0.14799132772743173
0,11.25,0.0050245025,5.0245025,3.047191665086399,3.0475220381229104
0,11.25,0.005370647499999999,5.370647499999999,2.6305087379968963,2.628085598130372
0,11.25,0.005716792499999998,5.716792499999998,0.30655870724522777,0.30416233629109807
0,11.25,0.006062937499999997,6.062937499999997,2.2049070042117163,2.2015105063258327
0,11.25,0.006409082499999998,6.409082499999998,2.3427784117669983,2.3421648491218523
0,11.25,0.006755227499999999,6.755227499999998,3.1207919295064794,3.1153734046396617
0,11.25,0.007101372499999998,7.101372499999998,nan,nan
0,11.25,0.007447517499999999,7.447517499999999,2.8297057574540534,2.8192907458202687
0,11.25,0.0077936624999999995,7.7936625,3.226921859383475,3.2176948513483494
0,11.25,0.008139807499999999,8.139807499999998,nan,nan
0,11.25,0.008485952499999998,8.485952499999998,2.936532762635234,2.9219207074214113
0,11.25,0.008832097499999997,8.832097499999996,3.2933977312919027,3.278462842099846
0,11.25,0.009178242499999998,9.178242499999998,nan,nan
0,11.25,0.009524387499999998,9.524387499999998,3.008884499739136,2.9849036103328133
0,11.25,0.009870532499999998,9.870532499999998,3.338825463535238,3.312058920923299
0,11.25,0.010216677499999998,10.216677499999998,3.086055568165277,3.042056410627451
0,11.25,0.0105628225,10.5628225,nan,nan
0,11.25,0.010908967499999998,10.908967499999997,3.414979934348099,3.3640847339956212
0,11.25,0.011255112499999997,11.255112499999997,3.2266384925786227,3.144301936031652
0,11.25,0.011601257499999997,11.601257499999997,nan,nan
0,11.25,0.011947402499999997,11.947402499999997,3.5996072779702173,3.4998691870756677
0,11.25,0.012293547499999998,12.293547499999999,3.5563511296817594,3.394965401554971
0,11.25,0.012639692499999997,12.639692499999997,nan,nan
0,11.25,0.012985837499999998,12.985837499999999,4.253780747871074,4.026095696048288
0,11.25,0.013331982499999999,13.331982499999999,5.398504551308891,4.9333967101388305
0,11.25,0.013678127499999998,13.678127499999999,3.1881915647127212,2.9847775696883585
1,33.75,-0.0136673275,-13.667327499999999,12.991302338072792,12.99160668971254
1,33.75,-0.0133211825,-13.3211825,nan,nan
1,33.75,-0.012975037499999998,-12.975037499999997,21.773711347662946,21.774448966174354
1,33.75,-0.012628892499999999,-12.6288925,nan,nan
1,33.75,-0.0122827475,-12.2827475,nan,nan
1,33.75,-0.0119366025,-11.936602500000001,15.447637441872851,15.448054041571613
1,33.75,-0.011590457499999998,-11.590457499999998,nan,nan
1,33.75,-0.011244312499999999,-11.2443125,nan,nan
1,33.75,-0.0108981675,-10.8981675,12.04687031209933,12.046538578052079
1,33.75,-0.010552022500000001,-10.552022500000001,nan,nan
1,33.75,-0.010205877499999998,-10.205877499999998,nan,nan
1,33.75,-0.0098597325,-9.8597325,10.26611183209196,10.265400496144217
1,33.75,-0.0095135875,-9.5135875,nan,nan
1,33.75,-0.009167442500000001,-9.167442500000002,nan,nan
1,33.75,-0.008821297499999999,-8.821297499999998,9.227132356198249,9.226454933357273
1,33.75,-0.0084751525,-8.4751525,nan,nan
1,33.75,-0.0081290075,-8.1290075,nan,nan
1,33.75,-0.0077828625,-7.7828625,8.640320543451592,8.639913969651868
1,33.75,-0.0074367175,-7.4367175,nan,nan
1,33.75,-0.0070905725,-7.0905724999999995,nan,nan
1,33.75,-0.0067444275000000005,-6.7444275000000005,8.19846959134247,8.1983943195419
1,33.75,-0.0063982825,-6.3982825,6.152562887338087,6.1524064556471165
1,33.75,-0.0060521375,-6.0521375,5.225193840985024,5.226062667772938
1,33.75,-0.0057059925,-5.7059925,2.861350207007119,2.8612514902746784
1,33.75,-0.005359847500000001,-5.359847500000001,4.3749346586941735,4.374807348067945
1,33.75,-0.005013702500000001,-5.013702500000001,5.869170964714771,5.877223860676134
1,33.75,-0.0046675575,-4.6675575,2.481004097933303,2.4808975231824
1,33.75,-0.0043214125,-4.3214125,4.810524454691174,4.804875224952509
1,33.75,-0.003975267500000001,-3.9752675000000006,5.802719272272995,5.833747070988458
1,33.75,-0.003629122500000001,-3.6291225000000007,3.0025581386991513,3.003932614763375
1,33.75,-0.0032829775,-3.2829775,4.270126244685842,4.280423292352396
1,33.75,-0.0029368325,-2.9368325,5.751471332680602,5.688700097918755
1,33.75,-0.002590687500000001,-2.590687500000001,3.502789878996714,3.510823117250654
1,33.75,-0.002244542500000001,-2.244542500000001,1.7654418816127941,1.768986994270965
1,33.75,-0.0018983975000000002,-1.8983975000000002,5.43356554113268,5.438768808335049
1,33.75,-0.0015522525000000002,-1.5522525000000003,2.8640362090530256,2.8695531125030995
1,33.75,-0.0012061075000000011,-1.2061075000000012,1.9334221497631157,1.9362893012836222
1,33.75,-0.0008599625000000012,-0.8599625000000012,4.524421794590363,4.527493789533768
1,33.75,-0.0005138175000000004,-0.5138175000000004,2.088701513271213,2.0917339999953457
1,33.75,-0.0001676725000000004,-0.1676725000000004,4.94254051722645,4.876257331960062
1,33.75,0.0001784724999999987,0.1784724999999987,1.2275299882755515,1.2286362946017717
1,33.75,0.0005246174999999987,0.5246174999999986,5.356596302416717,5.3601177914311755
1,33.75,0.0008707624999999995,0.8707624999999994,4.688468826208644,4.701999566800497
1,33.75,0.0012169074999999994,1.2169074999999994,1.1737246527195992,1.1741988638122134
1,33.75,0.0015630524999999985,1.5630524999999986,3.870221980648508,3.870988548399783
1,33.75,0.0019091974999999994,1.9091974999999994,4.795880773829915,4.804170319305739
1,33.75,0.0022553425,2.2553425000000002,0.524184093936078,0.5240692803721295
1,33.75,0.0026014874999999993,2.6014874999999993,3.7461080626348795,3.7445106031749376
1,33.75,0.0029476324999999984,2.9476324999999983,4.1647546628017595,4.145813171165035
1,33.75,0.0032937774999999975,3.2937774999999974,3.3231982450283275,3.296384164664374
1,33.75,0.0036399224999999983,3.639922499999998,0.35929567347564745,0.3579026601818881
1,33.75,0.003986067499999999,3.986067499999999,3.7251008575409514,3.725839354566248
1,33.75,0.004332212499999998,4.332212499999998,3.1624410509917507,3.1597321338738595
1,33.75,0.004678357499999999,4.678357499999999,0.14883899895372557,0.14831225407070492
1,33.75,0.0050245025,5.0245025,3.050567435211322,3.0507190760095324
1,33.75,0.005370647499999999,5.370647499999999,2.6335248304710666,2.6309475203069557
1,33.75,0.005716792499999998,5.716792499999998,0.30705704951539836,0.30514050941500354
1,33.75,0.006062937499999997,6.062937499999997,2.20694184397736,2.203968872334494
1,33.75,0.006409082499999998,6.409082499999998,2.344977937144921,2.345102097409482
1,33.75,0.006755227499999999,6.755227499999998,3.1238019075555803,3.1191747705203197
1,33.75,0.007101372499999998,7.101372499999998,nan,nan
1,33.75,0.007447517499999999,7.447517499999999,2.831878413138758,2.8227632028516325
1,33.75,0.0077936624999999995,7.7936625,3.229095988119543,3.221175015098144
1,33.75,0.008139807499999999,8.139807499999998,nan,nan
1,33.75,0.008485952499999998,8.485952499999998,2.9374857847553084,2.924493767625231
1,33.75,0.008832097499999997,8.832097499999996,3.2942377135266123,3.28066337988386
1,33.75,0.009178242499999998,9.178242499999998,nan,nan
1,33.75,0.009524387499999998,9.524387499999998,3.008027515246413,2.9855134644697836
1,33.75,0.009870532499999998,9.870532499999998,3.3379558694768074,3.31219566921636
1,33.75,0.010216677499999998,10.216677499999998,3.0832262217691273,3.0400293526771525
1,33.75,0.0105628225,10.5628225,nan,nan
1,33.75,0.010908967499999998,10.908967499999997,3.412463062674187,3.3618518683602625
1,33.75,0.011255112499999997,11.255112499999997,3.222040411391407,3.139567070926151
1,33.75,0.011601257499999997,11.601257499999997,nan,nan
1,33.75,0.011947402499999997,11.947402499999997,3.595572007721687,3.4955930431888373
1,33.75,0.012293547499999998,12.293547499999999,3.548895551701732,3.3881670933678905
1,33.75,0.012639692499999997,12.639692499999997,nan,nan
1,33.75,0.012985837499999998,12.985837499999999,4.243651675355405,4.019347149031545
1,33.75,0.013331982499999999,13.331982499999999,5.368744976651991,4.917711495825232
1,33.75,0.013678127499999998,13.678127499999999,3.170258692582133,2.97612289097594
2,56.25,-0.0136673275,-13.667327499999999,13.0156593284277,13.015956848351403
2,56.25,-0.0133211825,-13.3211825,nan,nan
2,56.25,-0.012975037499999998,-12.975037499999997,21.814528064464096,21.81524794030482
2,56.25,-0.012628892499999999,-12.6288925,nan,nan
2,56.25,-0.0122827475,-12.2827475,nan,nan
2,56.25,-0.0119366025,-11.936602500000001,15.476583022798943,15.476978779157484
2,56.25,-0.011590457499999998,-11.590457499999998,nan,nan
2,56.25,-0.011244312499999999,-11.2443125,nan,nan
2,56.25,-0.0108981675,-10.8981675,12.069431990838282,12.06907984728956
2,56.25,-0.010552022500000001,-10.552022500000001,nan,nan
2,56.25,-0.010205877499999998,-10.205877499999998,nan,nan
2,56.25,-0.0098597325,-9.8597325,10.285337224325627,10.284600850604578
2,56.25,-0.0095135875,-9.5135875,nan,nan
2,56.25,-0.009167442500000001,-9.167442500000002,nan,nan
2,56.25,-0.008821297499999999,-8.821297499999998,9.244410160887288,9.243702215673103
2,56.25,-0.0084751525,-8.4751525,nan,nan
2,56.25,-0.0081290075,-8.1290075,nan,nan
2,56.25,-0.0077828625,-7.7828625,8.656506914118443,8.65606199948593
2,56.25,-0.0074367175,-7.4367175,nan,nan
2,56.25,-0.0070905725,-7.0905724999999995,nan,nan
2,56.25,-0.0067444275000000005,-6.7444275000000005,8.2138662664816,8.213737739573073
2,56.25,-0.0063982825,-6.3982825,6.164169978865093,6.16395572016553
2,56.25,-0.0060521375,-6.0521375,5.23503485057109,5.235855328411957
2,56.25,-0.0057059925,-5.7059925,2.8667652578248277,2.8666303708170413
2,56.25,-0.005359847500000001,-5.359847500000001,4.3832357661080055,4.383045021938126
2,56.25,-0.005013702500000001,-5.013702500000001,5.880243912326101,5.888236471885736
2,56.25,-0.0046675575,-4.6675575,2.4857389035768787,2.4855848760032315
2,56.25,-0.0043214125,-4.3214125,4.819717254482913,4.813963839031434
2,56.25,-0.003975267500000001,-3.9752675000000006,5.813680285187715,5.84466320086492
2,56.25,-0.003629122500000001,-3.6291225000000007,3.0083138305703425,3.0096137635483857
2,56.25,-0.0032829775,-3.2829775,4.2783162442053735,4.288521828354991
2,56.25,-0.0029368325,-2.9368325,5.762334526185528,5.699335414413972
2,56.25,-0.002590687500000001,-2.590687500000001,3.5095466820871115,3.5174728307031513
2,56.25,-0.002244542500000001,-2.244542500000001,1.7688660521297204,1.7723395039413221
2,56.25,-0.0018983975000000002,-1.8983975000000002,5.443874837550575,5.44892203932851
2,56.25,-0.0015522525000000002,-1.5522525000000003,2.8696265180276286,2.875007902526778
2,56.25,-0.0012061075000000011,-1.2061075000000012,1.9372080204937103,1.9399746565093612
2,56.25,-0.0008599625000000012,-0.8599625000000012,4.533016473475826,4.535918666526994
2,56.25,-0.0005138175000000004,-0.5138175000000004,2.0928386525445766,2.0957158610579305
2,56.25,-0.0001676725000000004,-0.1676725000000004,4.951978408643607,4.885346645034548
2,56.25,0.0001784724999999987,0.1784724999999987,1.230092649393222,1.2310443664495208
2,56.25,0.0005246174999999987,0.5246174999999986,5.366920898142767,5.370138693533799
2,56.25,0.0008707624999999995,0.8707624999999994,4.697482628302202,4.7107313245071865
2,56.25,0.0012169074999999994,1.2169074999999994,1.1763091457617851,1.1765470838580958
2,56.25,0.0015630524999999985,1.5630524999999986,3.8778411935353803,3.8782616226854274
2,56.25,0.0019091974999999994,1.9091974999999994,4.805168305054946,4.8130719688440005
2,56.25,0.0022553425,2.2553425000000002,0.5254684327416097,0.5251599433089778
2,56.25,0.0026014874999999993,2.6014874999999993,3.7535816430306665,3.751545715819459
2,56.25,0.0029476324999999984,2.9476324999999983,4.172906008992929,4.15349505289469
2,56.25,0.0032937774999999975,3.2937774999999974,3.3299574797044578,3.3025664891943114
2,56.25,0.0036399224999999983,3.639922499999998,0.3602093287201784,0.3585550134106748
2,56.25,0.003986067499999999,3.986067499999999,3.732427044709901,3.7326832361990476
2,56.25,0.004332212499999998,4.332212499999998,3.1687770311642276,3.1655047107714243
2,56.25,0.004678357499999999,4.678357499999999,0.14863839721843705,0.14832587998844188
2,56.25,0.0050245025,5.0245025,3.0561796693060126,3.0561029631058396
2,56.25,0.005370647499999999,5.370647499999999,2.6380354862510247,2.635460897142211
2,56.25,0.005716792499999998,5.716792499999998,0.304796081837894,0.3048581672313049
2,56.25,0.006062937499999997,6.062937499999997,2.209609412674306,2.2077728816013633
2,56.25,0.006409082499999998,6.409082499999998,2.346447282841282,2.3488232175658537
2,56.25,0.006755227499999999,6.755227499999998,3.12602420872936,3.124088739789974
2,56.25,0.007101372499999998,7.101372499999998,nan,nan
2,56.25,0.007447517499999999,7.447517499999999,2.8314877865610564,2.8268392974694714
2,56.25,0.0077936624999999995,7.7936625,3.2291041512574736,3.2257719139794685
2,56.25,0.008139807499999999,8.139807499999998,nan,nan
2,56.25,0.008485952499999998,8.485952499999998,2.935491771208413,2.9279523268762486
2,56.25,0.008832097499999997,8.832097499999996,3.29415133085994,3.2844235953848404
2,56.25,0.009178242499999998,9.178242499999998,nan,nan
2,56.25,0.009524387499999998,9.524387499999998,3.0078802141859113,2.9876094977459595
2,56.25,0.009870532499999998,9.870532499999998,3.3411355885586915,3.314266404598127
2,56.25,0.010216677499999998,10.216677499999998,3.088886943221718,3.039388622306906
2,56.25,0.0105628225,10.5628225,nan,nan
2,56.25,0.010908967499999998,10.908967499999997,3.4222363137168847,3.3605030012967765
2,56.25,0.011255112499999997,11.255112499999997,3.2369220671901076,3.133072445884217
2,56.25,0.011601257499999997,11.601257499999997,nan,nan
2,56.25,0.011947402499999997,11.947402499999997,3.61433099877514,3.4866166362783995
2,56.25,0.012293547499999998,12.293547499999999,3.5765380476023796,3.3681368669979426
2,56.25,0.012639692499999997,12.639692499999997,nan,nan
2,56.25,0.012985837499999998,12.985837499999999,4.279781810467697,3.991015123675569
2,56.25,0.013331982499999999,13.331982499999999,5.4376464896159815,4.8493609003900175
2,56.25,0.013678127499999998,13.678127499999999,3.209284658541739,2.9369890821651574
3,78.75,-0.0136673275,-13.667327499999999,13.01432985838759,13.014626239691424
3,78.75,-0.0133211825,-13.3211825,nan,nan
3,78.75,-0.012975037499999998,-12.975037499999997,21.812309403741317,21.813026272357423
3,78.75,-0.012628892499999999,-12.6288925,nan,nan
3,78.75,-0.0122827475,-12.2827475,nan,nan
3,78.75,-0.0119366025,-11.936602500000001,15.475037809925995,15.475429800597366
3,78.75,-0.011590457499999998,-11.590457499999998,nan,nan
3,78.75,-0.011244312499999999,-11.2443125,nan,nan
3,78.75,-0.0108981675,-10.8981675,12.06826025374615,12.067900495026622
3,78.75,-0.010552022500000001,-10.552022500000001,nan,nan
3,78.75,-0.010205877499999998,-10.205877499999998,nan,nan
3,78.75,-0.0098597325,-9.8597325,10.28435249179176,10.283607116570186
3,78.75,-0.0095135875,-9.5135875,nan,nan
3,78.75,-0.009167442500000001,-9.167442500000002,nan,nan
3,78.75,-0.008821297499999999,-8.821297499999998,9.243529818536642,9.242809445207827
3,78.75,-0.0084751525,-8.4751525,nan,nan
3,78.75,-0.0081290075,-8.1290075,nan,nan
3,78.75,-0.0077828625,-7.7828625,8.65567521062749,8.655214915531996
3,78.75,-0.0074367175,-7.4367175,nan,nan
3,78.75,-0.0070905725,-7.0905724999999995,nan,nan
3,78.75,-0.0067444275000000005,-6.7444275000000005,8.213074752052819,8.212924848771518
3,78.75,-0.0063982825,-6.3982825,6.163597978075873,6.163361324615161
3,78.75,-0.0060521375,-6.0521375,5.234544001141575,5.235345814637269
3,78.75,-0.0057059925,-5.7059925,2.8665114620105787,2.8663642677367163
3,78.75,-0.005359847500000001,-5.359847500000001,4.382863865471456,4.382653402804654
3,78.75,-0.005013702500000001,-5.013702500000001,5.879714686971462,5.88768174395787
3,78.75,-0.0046675575,-4.6675575,2.485547291644328,2.4853804637280916
3,78.75,-0.0043214125,-4.3214125,4.81936412333375,4.813579657818166
3,78.75,-0.003975267500000001,-3.9752675000000006,5.813181377213116,5.844130028954155
3,78.75,-0.003629122500000001,-3.6291225000000007,3.008121162722743,3.00940385389825
3,78.75,-0.0032829775,-3.2829775,4.278052178614947,4.288232479317178
3,78.75,-0.0029368325,-2.9368325,5.761861589371144,5.698844230904116
3,78.75,-0.002590687500000001,-2.590687500000001,3.5093840312400495,3.517287817513866
3,78.75,-0.002244542500000001,-2.244542500000001,1.768809813724599,1.7722716151400568
3,78.75,-0.0018983975000000002,-1.8983975000000002,5.4434809813647025,5.448474709623477
3,78.75,-0.0015522525000000002,-1.5522525000000003,2.86955683815508,2.8749183892657624
3,78.75,-0.0012061075000000011,-1.2061075000000012,1.9371678776944752,1.939918169075448
3,78.75,-0.0008599625000000012,-0.8599625000000012,4.53270622638174,4.535545603511668
3,78.75,-0.0005138175000000004,-0.5138175000000004,2.092793861583757,2.09564646556778
3,78.75,-0.0001676725000000004,-0.1676725000000004,4.951688774923162,4.88496923607224
3,78.75,0.0001784724999999987,0.1784724999999987,1.2300811052548963,1.2310194695681522
3,78.75,0.0005246174999999987,0.5246174999999986,5.366694231315548,5.369835376605173
3,78.75,0.0008707624999999995,0.8707624999999994,4.697273109335193,4.71044214695299
3,78.75,0.0012169074999999994,1.2169074999999994,1.1763949840664707,1.1766283003664553
3,78.75,0.0015630524999999985,1.5630524999999986,3.877781849274365,3.878140064407607
3,78.75,0.0019091974999999994,1.9091974999999994,4.805028831674255,4.812830338860458
3,78.75,0.0022553425,2.2553425000000002,0.5255549120695234,0.525244771509886
3,78.75,0.0026014874999999993,2.6014874999999993,3.7536016268195067,3.7514863444429305
3,78.75,0.0029476324999999984,2.9476324999999983,4.1728611285351676,4.153294547653999
3,78.75,0.0032937774999999975,3.2937774999999974,3.3300835951073906,3.30254323188545
3,78.75,0.0036399224999999983,3.639922499999998,0.3601808417408302,0.35856905710102877
3,78.75,0.003986067499999999,3.986067499999999,3.732480262305552,3.7326255965044615
3,78.75,0.004332212499999998,4.332212499999998,3.168926204986692,3.1656351978878505
3,78.75,0.004678357499999999,4.678357499999999,0.14830052122770362,0.14834026234824668
3,78.75,0.0050245025,5.0245025,3.0560442388219022,3.0561440594292693
3,78.75,0.005370647499999999,5.370647499999999,2.637740503335257,2.63564261527669
3,78.75,0.005716792499999998,5.716792499999998,0.3030173527036136,0.3048218455810615
3,78.75,0.006062937499999997,6.062937499999997,2.2086896223961627,2.207826156959818
3,78.75,0.006409082499999998,6.409082499999998,2.3445330784990457,2.3489146747846052
3,78.75,0.006755227499999999,6.755227499999998,3.1235428637682676,3.1239589744384957
3,78.75,0.007101372499999998,7.101372499999998,nan,nan
3,78.75,0.007447517499999999,7.447517499999999,2.827776787367008,2.8267626990915145
3,78.75,0.0077936624999999995,7.7936625,3.225501563598692,3.2256267357153288
3,78.75,0.008139807499999999,8.139807499999998,nan,nan
3,78.75,0.008485952499999998,8.485952499999998,2.9313782967011686,2.927978900168063
3,78.75,0.008832097499999997,8.832097499999996,3.29115156401244,3.2843275725181162
3,78.75,0.009178242499999998,9.178242499999998,nan,nan
3,78.75,0.009524387499999998,9.524387499999998,3.0056493553829524,2.9875004612586116
3,78.75,0.009870532499999998,9.870532499999998,3.3408117413756093,3.3138015940629546
3,78.75,0.010216677499999998,10.216677499999998,3.090949573669969,3.0386162833402444
3,78.75,0.0105628225,10.5628225,nan,nan
3,78.75,0.010908967499999998,10.908967499999997,3.4264600265307954,3.3591806580296044
3,78.75,0.011255112499999997,11.255112499999997,3.245130271035644,3.131171943482812
3,78.75,0.011601257499999997,11.601257499999997,nan,nan
3,78.75,0.011947402499999997,11.947402499999997,3.624338733860517,3.4841030650988887
3,78.75,0.012293547499999998,12.293547499999999,3.5919533273735853,3.3644349062887917
3,78.75,0.012639692499999997,12.639692499999997,nan,nan
3,78.75,0.012985837499999998,12.985837499999999,4.297532329728129,3.98720023806253
3,78.75,0.013331982499999999,13.331982499999999,5.472768978178739,4.848882187021774
3,78.75,0.013678127499999998,13.678127499999999,3.2289638634094526,2.938056967622467
4,101.25,-0.0136673275,-13.667327499999999,13.017056294481465,13.017351593526259
4,101.25,-0.0133211825,-13.3211825,nan,nan
4,101.25,-0.012975037499999998,-12.975037499999997,21.816869994904074,21.817585697236996
4,101.25,-0.012628892499999999,-12.6288925,nan,nan
4,101.25,-0.0122827475,-12.2827475,nan,nan
4,101.25,-0.0119366025,-11.936602500000001,15.478269109958719,15.478659067562281
4,101.25,-0.011590457499999998,-11.590457499999998,nan,nan
4,101.25,-0.011244312499999999,-11.2443125,nan,nan
4,101.25,-0.0108981675,-10.8981675,12.070786789283082,12.070426244219126
4,101.25,-0.010552022500000001,-10.552022500000001,nan,nan
4,101.25,-0.010205877499999998,-10.205877499999998,nan,nan
4,101.25,-0.0098597325,-9.8597325,10.286519558102896,10.285770602585188
4,101.25,-0.0095135875,-9.5135875,nan,nan
4,101.25,-0.009167442500000001,-9.167442500000002,nan,nan
4,101.25,-0.008821297499999999,-8.821297499999998,9.245484351513637,9.244758747345973
4,101.25,-0.0084751525,-8.4751525,nan,nan
4,101.25,-0.0081290075,-8.1290075,nan,nan
4,101.25,-0.0077828625,-7.7828625,8.657504664548249,8.657036140438885
4,101.25,-0.0074367175,-7.4367175,nan,nan
4,101.25,-0.0070905725,-7.0905724999999995,nan,nan
4,101.25,-0.0067444275000000005,-6.7444275000000005,8.214816982326518,8.214655910069808
4,101.25,-0.0063982825,-6.3982825,6.164894329499611,6.1646456122280275
4,101.25,-0.0060521375,-6.0521375,5.235648051170127,5.236441008583467
4,101.25,-0.0057059925,-5.7059925,2.8670946011828655,2.8669415402102003
4,101.25,-0.005359847500000001,-5.359847500000001,4.38372333328228,4.38350439942478
4,101.25,-0.005013702500000001,-5.013702500000001,5.880929850965912,5.888882392975213
4,101.25,-0.0046675575,-4.6675575,2.4860268228383133,2.4858553924101523
4,101.25,-0.0043214125,-4.3214125,4.8202594441426365,4.81447310861978
4,101.25,-0.003975267500000001,-3.9752675000000006,5.814367452290192,5.845304154871815
4,101.25,-0.003629122500000001,-3.6291225000000007,3.008660387280839,3.0099391490312666
4,101.25,-0.0032829775,-3.2829775,4.278806145116875,4.288985759410331
4,101.25,-0.0029368325,-2.9368325,5.763021654277395,5.69995051676899
4,101.25,-0.002590687500000001,-2.590687500000001,3.5099615489601663,3.5178697330318784
4,101.25,-0.002244542500000001,-2.244542500000001,1.7690883594671838,1.772553320554665
4,101.25,-0.0018983975000000002,-1.8983975000000002,5.444529269625731,5.449509175364087
4,101.25,-0.0015522525000000002,-1.5522525000000003,2.8699755050765274,2.875344484164109
4,101.25,-0.0012061075000000011,-1.2061075000000012,1.937455934368019,1.9402098100162877
4,101.25,-0.0008599625000000012,-0.8599625000000012,4.533578950202996,4.536397577462847
4,101.25,-0.0005138175000000004,-0.5138175000000004,2.093138473844576,2.0959895252184384
4,101.25,-0.0001676725000000004,-0.1676725000000004,4.9526069663881955,4.885848468529211
4,101.25,0.0001784724999999987,0.1784724999999987,1.2302951450173185,1.2312304844743014
4,101.25,0.0005246174999999987,0.5246174999999986,5.367627848408161,5.370743298373867
4,101.25,0.0008707624999999995,0.8707624999999994,4.69812897091322,4.711256718308501
4,101.25,0.0012169074999999994,1.2169074999999994,1.176561894033773,1.1768036123221537
4,101.25,0.0015630524999999985,1.5630524999999986,3.878441676302624,3.878783498033666
4,101.25,0.0019091974999999994,1.9091974999999994,4.8058887337334415,4.813639828801786
4,101.25,0.0022553425,2.2553425000000002,0.5256205518942618,0.5253198791321628
4,101.25,0.0026014874999999993,2.6014874999999993,3.7542211723308387,3.752087173785326
4,101.25,0.0029476324999999984,2.9476324999999983,4.173583847878197,4.153994879776523
4,101.25,0.0032937774999999975,3.2937774999999974,3.3306236887228966,3.3031091263746593
4,101.25,0.0036399224999999983,3.639922499999998,0.3603375549351098,0.35873967093125675
4,101.25,0.003986067499999999,3.986067499999999,3.7331371850657264,3.7332253407134854
4,101.25,0.004332212499999998,4.332212499999998,3.169510609152583,3.166218901305598
4,101.25,0.004678357499999999,4.678357499999999,0.14859060023346038,0.14876918447837717
4,101.25,0.0050245025,5.0245025,3.056763519413938,3.0569387333097042
4,101.25,0.005370647499999999,5.370647499999999,2.638536406734321,2.63670728534879
4,101.25,0.005716792499999998,5.716792499999998,0.30409769571525863,0.3069474049745838
4,101.25,0.006062937499999997,6.062937499999997,2.209614724242632,2.2095449611492644
4,101.25,0.006409082499999998,6.409082499999998,2.346033033356487,2.3518537081742945
4,101.25,0.006755227499999999,6.755227499999998,3.1253757815315533,3.1273523767971403
4,101.25,0.007101372499999998,7.101372499999998,nan,nan
4,101.25,0.007447517499999999,7.447517499999999,2.830187933743006,2.831448139428934
4,101.25,0.0077936624999999995,7.7936625,3.227957579491615,3.2300667904212426
4,101.25,0.008139807499999999,8.139807499999998,nan,nan
4,101.25,0.008485952499999998,8.485952499999998,2.9344067134232894,2.93307723992855
4,101.25,0.008832097499999997,8.832097499999996,3.294146613106112,3.288486913225124
4,101.25,0.009178242499999998,9.178242499999998,nan,nan
4,101.25,0.009524387499999998,9.524387499999998,3.009452482354174,2.991878305298675
4,101.25,0.009870532499999998,9.870532499999998,3.344507467343644,3.317268671741304
4,101.25,0.010216677499999998,10.216677499999998,3.0953096280582786,3.04246048048606
4,101.25,0.0105628225,10.5628225,nan,nan
4,101.25,0.010908967499999998,10.908967499999997,3.429931077997372,3.3628192360089733
4,101.25,0.011255112499999997,11.255112499999997,3.2477571902249918,3.1364872088092586
4,101.25,0.011601257499999997,11.601257499999997,nan,nan
4,101.25,0.011947402499999997,11.947402499999997,3.624433426769466,3.490967862492104
4,101.25,0.012293547499999998,12.293547499999999,3.5870428095110003,3.3770663845169144
4,101.25,0.012639692499999997,12.639692499999997,nan,nan
4,101.25,0.012985837499999998,12.985837499999999,4.2846598905122,4.005568612148438
4,101.25,0.013331982499999999,13.331982499999999,5.432649358389455,4.888977115848432
4,101.25,0.013678127499999998,13.678127499999999,3.204037764953376,2.9611387274222523
5,123.74999999999999,-0.0136673275,-13.667327499999999,13.03460995606822,13.034913704699434
5,123.74999999999999,-0.0133211825,-13.3211825,nan,nan
5,123.74999999999999,-0.012975037499999998,-12.975037499999997,21.846254176138153,21.84698538747692
5,123.74999999999999,-0.012628892499999999,-12.6288925,nan,nan
5,123.74999999999999,-0.0122827475,-12.2827475,nan,nan
5,123.74999999999999,-0.0119366025,-11.936602500000001,15.499029613522827,15.49943904812317
5,123.74999999999999,-0.011590457499999998,-11.590457499999998,nan,nan
5,123.74999999999999,-0.011244312499999999,-11.2443125,nan,nan
5,123.74999999999999,-0.0108981675,-10.8981675,12.08690758601522,12.086565692710582
5,123.74999999999999,-0.010552022500000001,-10.552022500000001,nan,nan
5,123.74999999999999,-0.010205877499999998,-10.205877499999998,nan,nan
5,123.74999999999999,-0.0098597325,-9.8597325,10.300231451784917,10.29950590336317
5,123.74999999999999,-0.0095135875,-9.5135875,nan,nan
5,123.74999999999999,-0.009167442500000001,-9.167442500000002,nan,nan
5,123.74999999999999,-0.008821297499999999,-8.821297499999998,9.257804795556961,9.25710935619388
5,123.74999999999999,-0.0084751525,-8.4751525,nan,nan
5,123.74999999999999,-0.0081290075,-8.1290075,nan,nan
5,123.74999999999999,-0.0077828625,-7.7828625,8.669044199028002,8.668615870212053
5,123.74999999999999,-0.0074367175,-7.4367175,nan,nan
5,123.74999999999999,-0.0070905725,-7.0905724999999995,nan,nan
5,123.74999999999999,-0.0067444275000000005,-6.7444275000000005,8.225802090259181,8.22570006062779
5,123.74999999999999,-0.0063982825,-6.3982825,6.173196712189326,6.17301821154715
5,123.74999999999999,-0.0060521375,-6.0521375,5.242682090548022,5.243532461538715
5,123.74999999999999,-0.0057059925,-5.7059925,2.8709786363922243,2.8708713274518516
5,123.74999999999999,-0.005359847500000001,-5.359847500000001,4.389759101990939,4.389622076810091
5,123.74999999999999,-0.005013702500000001,-5.013702500000001,5.888918810210316,5.896980925437114
5,123.74999999999999,-0.0046675575,-4.6675575,2.4894915249297838,2.4893853104708925
5,123.74999999999999,-0.0043214125,-4.3214125,4.827118185149502,4.821448698711791
5,123.74999999999999,-0.003975267500000001,-3.9752675000000006,5.82234994732432,5.853427927125534
5,123.74999999999999,-0.003629122500000001,-3.6291225000000007,3.0129965191897563,3.0143897377163413
5,123.74999999999999,-0.0032829775,-3.2829775,4.285027738466148,4.295380650627129
5,123.74999999999999,-0.0029368325,-2.9368325,5.770973847231398,5.708019363465428
5,123.74999999999999,-0.002590687500000001,-2.590687500000001,3.515172525273525,3.523283988042945
5,123.74999999999999,-0.002244542500000001,-2.244542500000001,1.771739597294991,1.7753355136261273
5,123.74999999999999,-0.0018983975000000002,-1.8983975000000002,5.452178630180767,5.457332789229563
5,123.74999999999999,-0.0015522525000000002,-1.5522525000000003,2.8743618636862114,2.879997676171074
5,123.74999999999999,-0.0012061075000000011,-1.2061075000000012,1.9403812768987174,1.943332566526496
5,123.74999999999999,-0.0008599625000000012,-0.8599625000000012,4.539917252184602,4.542906502718053
5,123.74999999999999,-0.0005138175000000004,-0.5138175000000004,2.0960286016184133,2.0992014747694414
5,123.74999999999999,-0.0001676725000000004,-0.1676725000000004,4.959603995017206,4.8930147852902195
5,123.74999999999999,0.0001784724999999987,0.1784724999999987,1.2319068188684594,1.23317277040879
5,123.74999999999999,0.0005246174999999987,0.5246174999999986,5.375376673269159,5.378900354981835
5,123.74999999999999,0.0008707624999999995,0.8707624999999994,4.704786644092976,4.718295637855106
5,123.74999999999999,0.0012169074999999994,1.2169074999999994,1.1781380003621478,1.1789098591657
5,123.74999999999999,0.0015630524999999985,1.5630524999999986,3.8839619593637633,3.8848623999487466
5,123.74999999999999,0.0019091974999999994,1.9091974999999994,4.812697094685255,4.820968729980103
5,123.74999999999999,0.0022553425,2.2553425000000002,0.5262551983003744,0.5264067878970304
5,123.74999999999999,0.0026014874999999993,2.6014874999999993,3.7595275570867432,3.7581150650371877
5,123.74999999999999,0.0029476324999999984,2.9476324999999983,4.179502889041373,4.160394158007715
5,123.74999999999999,0.0032937774999999975,3.2937774999999974,3.335283039808689,3.3085013932057374
5,123.74999999999999,0.0036399224999999983,3.639922499999998,0.36051005842091527,0.359573296248257
5,123.74999999999999,0.003986067499999999,3.986067499999999,3.738427334257239,3.7393128097390913
5,123.74999999999999,0.004332212499999998,4.332212499999998,3.1738955669171336,3.17173152587017
5,123.74999999999999,0.004678357499999999,4.678357499999999,0.1486349313599237,0.14894197749236035
5,123.74999999999999,0.0050245025,5.0245025,3.0610466275752475,3.061964640552284
5,123.74999999999999,0.005370647499999999,5.370647499999999,2.642051948115588,2.641011608325276
5,123.74999999999999,0.005716792499999998,5.716792499999998,0.30369628221068184,0.3052584021587528
5,123.74999999999999,0.006062937499999997,6.062937499999997,2.212107459511804,2.2109843370107125
5,123.74999999999999,0.006409082499999998,6.409082499999998,2.3482585604532216,2.3522577930820385
5,123.74999999999999,0.006755227499999999,6.755227499999998,3.128888582513243,3.128514293083361
5,123.74999999999999,0.007101372499999998,7.101372499999998,nan,nan
5,123.74999999999999,0.007447517499999999,7.447517499999999,2.832609257589642,2.829658560753608
5,123.74999999999999,0.0077936624999999995,7.7936625,3.231458371162879,3.228513954677403
5,123.74999999999999,0.008139807499999999,8.139807499999998,nan,nan
5,123.74999999999999,0.008485952499999998,8.485952499999998,2.93718140564675,2.929072593309129
5,123.74999999999999,0.008832097499999997,8.832097499999996,3.2982241326892803,3.2859631817262445
5,123.74999999999999,0.009178242499999998,9.178242499999998,nan,nan
5,123.74999999999999,0.009524387499999998,9.524387499999998,3.0126906416418655,2.9878182108118683
5,123.74999999999999,0.009870532499999998,9.870532499999998,3.3486742057365295,3.315429243884385
5,123.74999999999999,0.010216677499999998,10.216677499999998,3.098114695154434,3.040241131041226
5,123.74999999999999,0.0105628225,10.5628225,nan,nan
5,123.74999999999999,0.010908967499999998,10.908967499999997,3.4333313172311066,3.3632572013276754
5,123.74999999999999,0.011255112499999997,11.255112499999997,3.2494341855662547,3.1380630468575
5,123.74999999999999,0.011601257499999997,11.601257499999997,nan,nan
5,123.74999999999999,0.011947402499999997,11.947402499999997,3.6267493035923817,3.494993997924907
5,123.74999999999999,0.012293547499999998,12.293547499999999,3.587964202281505,3.38273935023087
5,123.74999999999999,0.012639692499999997,12.639692499999997,nan,nan
5,123.74999999999999,0.012985837499999998,12.985837499999999,4.287328473339351,4.012609847129184
5,123.74999999999999,0.013331982499999999,13.331982499999999,5.433970960175059,4.895622451370757
5,123.74999999999999,0.013678127499999998,13.678127499999999,3.2053018019946555,2.963798411698716
6,146.25,-0.0136673275,-13.667327499999999,13.017581934471018,13.017891289709365
6,146.25,-0.0133211825,-13.3211825,nan,nan
6,146.25,-0.012975037499999998,-12.975037499999997,21.817793044903922,21.818537079729044
6,146.25,-0.012628892499999999,-12.6288925,nan,nan
6,146.25,-0.0122827475,-12.2827475,nan,nan
6,146.25,-0.0119366025,-11.936602500000001,15.47890661238696,15.479332775479186
6,146.25,-0.011590457499999998,-11.590457499999998,nan,nan
6,146.25,-0.011244312499999999,-11.2443125,nan,nan
6,146.25,-0.0108981675,-10.8981675,12.071173445445393,12.070849626391723
6,146.25,-0.010552022500000001,-10.552022500000001,nan,nan
6,146.25,-0.010205877499999998,-10.205877499999998,nan,nan
6,146.25,-0.0098597325,-9.8597325,10.2867613787531,10.286055244649855
6,146.25,-0.0095135875,-9.5135875,nan,nan
6,146.25,-0.009167442500000001,-9.167442500000002,nan,nan
6,146.25,-0.008821297499999999,-8.821297499999998,9.245699942353934,9.245027577778899
6,146.25,-0.0084751525,-8.4751525,nan,nan
6,146.25,-0.0081290075,-8.1290075,nan,nan
6,146.25,-0.0077828625,-7.7828625,8.6577412474294,8.657343252379665
6,146.25,-0.0074367175,-7.4367175,nan,nan
6,146.25,-0.0070905725,-7.0905724999999995,nan,nan
6,146.25,-0.0067444275000000005,-6.7444275000000005,8.21496338032335,8.214907624335734
6,146.25,-0.0063982825,-6.3982825,6.164958182850592,6.164838506616079
6,146.25,-0.0060521375,-6.0521375,5.235719776274762,5.236614483612028
6,146.25,-0.0057059925,-5.7059925,2.8671830923695247,2.867112856804403
6,146.25,-0.005359847500000001,-5.359847500000001,4.383920470665756,4.383847265962349
6,146.25,-0.005013702500000001,-5.013702500000001,5.881063769535996,5.889177939991282
6,146.25,-0.0046675575,-4.6675575,2.4861147146847906,2.4860563791163695
6,146.25,-0.0043214125,-4.3214125,4.8205223561407164,4.814935413182533
6,146.25,-0.003975267500000001,-3.9752675000000006,5.814522468986739,5.845674772466522
6,146.25,-0.003629122500000001,-3.6291225000000007,3.008898983068567,3.0103663599444324
6,146.25,-0.0032829775,-3.2829775,4.279135512097677,4.289585814007969
6,146.25,-0.0029368325,-2.9368325,5.763252657641302,5.700458366683065
6,146.25,-0.002590687500000001,-2.590687500000001,3.510382075589516,3.5186032571551067
6,146.25,-0.002244542500000001,-2.244542500000001,1.7693618752361153,1.773032337454616
6,146.25,-0.0018983975000000002,-1.8983975000000002,5.444873312014097,5.450171023545923
6,146.25,-0.0015522525000000002,-1.5522525000000003,2.8704783489945243,2.8762505128280056
6,146.25,-0.0012061075000000011,-1.2061075000000012,1.937793124923134,1.9408470684948873
6,146.25,-0.0008599625000000012,-0.8599625000000012,4.533886775720175,4.53703286944081
6,146.25,-0.0005138175000000004,-0.5138175000000004,2.0934991372931546,2.096826972052183
6,146.25,-0.0001676725000000004,-0.1676725000000004,4.953097770438683,4.886735559494171
6,146.25,0.0001784724999999987,0.1784724999999987,1.230543479585338,1.231977991489078
6,146.25,0.0005246174999999987,0.5246174999999986,5.368313112105353,5.372131320081109
6,146.25,0.0008707624999999995,0.8707624999999994,4.698717351200858,4.7125490266217165
6,146.25,0.0012169074999999994,1.2169074999999994,1.1770138683983087,1.178045797890402
6,146.25,0.0015630524999999985,1.5630524999999986,3.8791350245945972,3.8803884871415026
6,146.25,0.0019091974999999994,1.9091974999999994,4.806676999150515,4.815380449155602
6,146.25,0.0022553425,2.2553425000000002,0.5259286727180748,0.5262929334304233
6,146.25,0.0026014874999999993,2.6014874999999993,3.7551041640837184,3.754147443153702
6,146.25,0.0029476324999999984,2.9476324999999983,4.174508191732513,4.155848620524166
6,146.25,0.0032937774999999975,3.2937774999999974,3.331684947170662,3.3054680835848247
6,146.25,0.0036399224999999983,3.639922499999998,0.3606029513789906,0.3599325565573544
6,146.25,0.003986067499999999,3.986067499999999,3.7342383990439374,3.7356584342246175
6,146.25,0.004332212499999998,4.332212499999998,3.170803572330611,3.1692640333334685
6,146.25,0.004678357499999999,4.678357499999999,0.14904244320947702,0.14922857937484726
6,146.25,0.0050245025,5.0245025,3.058142099181819,3.059397848946875
6,146.25,0.005370647499999999,5.370647499999999,2.6402212511819023,2.639387260482444
6,146.25,0.005716792499999998,5.716792499999998,0.3053643469027419,0.3054933838282107
6,146.25,0.006062937499999997,6.062937499999997,2.2104543908468637,2.2087027338783916
6,146.25,0.006409082499999998,6.409082499999998,2.3474246292160994,2.3501096718919072
6,146.25,0.006755227499999999,6.755227499999998,3.1273639892594387,3.1255103729687694
6,146.25,0.007101372499999998,7.101372499999998,nan,nan
6,146.25,0.007447517499999999,7.447517499999999,2.832579849111451,2.82724457024698
6,146.25,0.0077936624999999995,7.7936625,3.231200148957064,3.225864177018377
6,146.25,0.008139807499999999,8.139807499999998,nan,nan
6,146.25,0.008485952499999998,8.485952499999998,2.939057458336575,2.9281276198471233
6,146.25,0.008832097499999997,8.832097499999996,3.3000755716818797,3.285625490173104
6,146.25,0.009178242499999998,9.178242499999998,nan,nan
6,146.25,0.009524387499999998,9.524387499999998,3.01741941400023,2.9907827748491904
6,146.25,0.009870532499999998,9.870532499999998,3.3533922073646956,3.3195084278033926
6,146.25,0.010216677499999998,10.216677499999998,3.1064996960139317,3.0493625259771098
6,146.25,0.0105628225,10.5628225,nan,nan
6,146.25,0.010908967499999998,10.908967499999997,3.4416087281571097,3.3733596579839364
6,146.25,0.011255112499999997,11.255112499999997,3.2623699715154735,3.15537285474009
6,146.25,0.011601257499999997,11.601257499999997,nan,nan
6,146.25,0.011947402499999997,11.947402499999997,3.6392724727262493,3.5131989467371842
6,146.25,0.012293547499999998,12.293547499999999,3.606968169368756,3.4122181654378174
6,146.25,0.012639692499999997,12.639692499999997,nan,nan
6,146.25,0.012985837499999998,12.985837499999999,4.308384496479225,4.048372968803477
6,146.25,0.013331982499999999,13.331982499999999,5.4790457789280245,4.975183604757892
6,146.25,0.013678127499999998,13.678127499999999,3.2304843358004622,3.0088967543962464
7,168.75,-0.0136673275,-13.667327499999999,12.973052776084463,12.973362736655506
7,168.75,-0.0133211825,-13.3211825,nan,nan
7,168.75,-0.012975037499999998,-12.975037499999997,21.743192933854516,21.743941186198743
7,168.75,-0.012628892499999999,-12.6288925,nan,nan
7,168.75,-0.0122827475,-12.2827475,nan,nan
7,168.75,-0.0119366025,-11.936602500000001,15.426077969137449,15.426505242164165
7,168.75,-0.011590457499999998,-11.590457499999998,nan,nan
7,168.75,-0.011244312499999999,-11.2443125,nan,nan
7,168.75,-0.0108981675,-10.8981675,12.030075680816672,12.029755718888385
7,168.75,-0.010552022500000001,-10.552022500000001,nan,nan
7,168.75,-0.010205877499999998,-10.205877499999998,nan,nan
7,168.75,-0.0098597325,-9.8597325,10.251776942509983,10.251078765674595
7,168.75,-0.0095135875,-9.5135875,nan,nan
7,168.75,-0.009167442500000001,-9.167442500000002,nan,nan
7,168.75,-0.008821297499999999,-8.821297499999998,9.214253559620941,9.213587836543015
7,168.75,-0.0084751525,-8.4751525,nan,nan
7,168.75,-0.0081290075,-8.1290075,nan,nan
7,168.75,-0.0077828625,-7.7828625,8.62827218904583,8.627879896222
7,168.75,-0.0074367175,-7.4367175,nan,nan
7,168.75,-0.0070905725,-7.0905724999999995,nan,nan
7,168.75,-0.0067444275000000005,-6.7444275000000005,8.186909976488378,8.186861694023149
7,168.75,-0.0063982825,-6.3982825,6.1437879200441134,6.143678826388754
7,168.75,-0.0060521375,-6.0521375,5.217788737585396,5.218689185814481
7,168.75,-0.0057059925,-5.7059925,2.8573194272751716,2.8572561122039706
7,168.75,-0.005359847500000001,-5.359847500000001,4.368720694711299,4.368658753080513
7,168.75,-0.005013702500000001,-5.013702500000001,5.860809659604639,5.868891479050285
7,168.75,-0.0046675575,-4.6675575,2.4774308636456595,2.47738032455363
7,168.75,-0.0043214125,-4.3214125,4.803515370086789,4.797974203500734
7,168.75,-0.003975267500000001,-3.9752675000000006,5.794387234689327,5.825455743082402
7,168.75,-0.003629122500000001,-3.6291225000000007,2.998216224993425,2.9996891600024616
7,168.75,-0.0032829775,-3.2829775,4.2638745788861305,4.274306436868598
7,168.75,-0.0029368325,-2.9368325,5.743253712671456,5.680592811321526
7,168.75,-0.002590687500000001,-2.590687500000001,3.497730775041981,3.5059340075233254
7,168.75,-0.002244542500000001,-2.244542500000001,1.762949219829983,1.7666127069129791
7,168.75,-0.0018983975000000002,-1.8983975000000002,5.4257989652431915,5.431114380615094
7,168.75,-0.0015522525000000002,-1.5522525000000003,2.85995148942551,2.8657025078150435
7,168.75,-0.0012061075000000011,-1.2061075000000012,1.930727709805442,1.9337684629768432
7,168.75,-0.0008599625000000012,-0.8599625000000012,4.518039442223157,4.521215738754294
7,168.75,-0.0005138175000000004,-0.5138175000000004,2.086182523027501,2.0894848532146097
7,168.75,-0.0001676725000000004,-0.1676725000000004,4.9357012365749675,4.8695922591333485
7,168.75,0.0001784724999999987,0.1784724999999987,1.226294130220692,1.2276958658038775
7,168.75,0.0005246174999999987,0.5246174999999986,5.349239060972272,5.353085608562697
7,168.75,0.0008707624999999995,0.8707624999999994,4.682174446646169,4.695999227098675
7,168.75,0.0012169074999999994,1.2169074999999994,1.172850040900088,1.173820995174457
7,168.75,0.0015630524999999985,1.5630524999999986,3.865394280257413,3.8666482169969876
7,168.75,0.0019091974999999994,1.9091974999999994,4.7897468112719945,4.7984592499194845
7,168.75,0.0022553425,2.2553425000000002,0.5240787847313323,0.5243868331136705
7,168.75,0.0026014874999999993,2.6014874999999993,3.7418101409338806,3.7408579428940545
7,168.75,0.0029476324999999984,2.9476324999999983,4.159764572263032,4.141291079913386
7,168.75,0.0032937774999999975,3.2937774999999974,3.319863318338732,3.293905435048411
7,168.75,0.0036399224999999983,3.639922499999998,0.35945910517631663,0.3586957626884312
7,168.75,0.003986067499999999,3.986067499999999,3.720983517944466,3.7223688274010263
7,168.75,0.004332212499999998,4.332212499999998,3.1595047351010797,3.157932661428361
7,168.75,0.004678357499999999,4.678357499999999,0.14845940438496696,0.14858861753177305
7,168.75,0.0050245025,5.0245025,3.047197327375953,3.048380182321621
7,168.75,0.005370647499999999,5.370647499999999,2.630789190992082,2.629908439760297
7,168.75,0.005716792499999998,5.716792499999998,0.3046340099527615,0.3048441870827366
7,168.75,0.006062937499999997,6.062937499999997,2.202835241479514,2.2015136177566066
7,168.75,0.006409082499999998,6.409082499999998,2.33937601275604,2.3426230192972186
7,168.75,0.006755227499999999,6.755227499999998,3.1163512646796963,3.1151606807502326
7,168.75,0.007101372499999998,7.101372499999998,nan,nan
7,168.75,0.007447517499999999,7.447517499999999,2.8229472920502467,2.818704381028612
7,168.75,0.0077936624999999995,7.7936625,3.219916854678061,3.215792191456103
7,168.75,0.008139807499999999,8.139807499999998,nan,nan
7,168.75,0.008485952499999998,8.485952499999998,2.9289222492608227,2.919796083377024
7,168.75,0.008832097499999997,8.832097499999996,3.2880726021727136,3.2756756846012802
7,168.75,0.009178242499999998,9.178242499999998,nan,nan
7,168.75,0.009524387499999998,9.524387499999998,3.0062467425655193,2.9827732649400494
7,168.75,0.009870532499999998,9.870532499999998,3.3402808657504868,3.3101279508615047
7,168.75,0.010216677499999998,10.216677499999998,3.0934412928551573,3.042077088655462
7,168.75,0.0105628225,10.5628225,nan,nan
7,168.75,0.010908967499999998,10.908967499999997,3.426049885928455,3.3646410501450434
7,168.75,0.011255112499999997,11.255112499999997,3.2449369233178667,3.1484615900196817
7,168.75,0.011601257499999997,11.601257499999997,nan,nan
7,168.75,0.011947402499999997,11.947402499999997,3.6183849852847163,3.5047399675342232
7,168.75,0.012293547499999998,12.293547499999999,3.5795899035949623,3.4053623150936265
7,168.75,0.012639692499999997,12.639692499999997,nan,nan
7,168.75,0.012985837499999998,12.985837499999999,4.270206545174091,4.037925865630062
7,168.75,0.013331982499999999,13.331982499999999,5.4045307381946115,4.959178415642872
7,168.75,0.013678127499999998,13.678127499999999,3.1864232298665054,2.998142072764398
8,191.25,-0.0136673275,-13.667327499999999,12.938636646761934,12.938948947311546
8,191.25,-0.0133211825,-13.3211825,nan,nan
8,191.25,-0.012975037499999998,-12.975037499999997,21.685458996472878,21.686210903379074
8,191.25,-0.012628892499999999,-12.6288925,nan,nan
8,191.25,-0.0122827475,-12.2827475,nan,nan
8,191.25,-0.0119366025,-11.936602500000001,15.38505214483619,15.38548471659465
8,191.25,-0.011590457499999998,-11.590457499999998,nan,nan
8,191.25,-0.011244312499999999,-11.2443125,nan,nan
8,191.25,-0.0108981675,-10.8981675,11.998077100677664,11.99776485286317
8,191.25,-0.010552022500000001,-10.552022500000001,nan,nan
8,191.25,-0.010205877499999998,-10.205877499999998,nan,nan
8,191.25,-0.0098597325,-9.8597325,10.224535468610686,10.22384658435502
8,191.25,-0.0095135875,-9.5135875,nan,nan
8,191.25,-0.009167442500000001,-9.167442500000002,nan,nan
8,191.25,-0.008821297499999999,-8.821297499999998,9.189764733778206,9.189110585452497
8,191.25,-0.0084751525,-8.4751525,nan,nan
8,191.25,-0.0081290075,-8.1290075,nan,nan
8,191.25,-0.0077828625,-7.7828625,8.605336505697814,8.604956274789085
8,191.25,-0.0074367175,-7.4367175,nan,nan
8,191.25,-0.0070905725,-7.0905724999999995,nan,nan
8,191.25,-0.0067444275000000005,-6.7444275000000005,8.165227663141222,8.165191406813525
8,191.25,-0.0063982825,-6.3982825,6.127568276194435,6.127465974195752
8,191.25,-0.0060521375,-6.0521375,5.203969457725676,5.204876829122374
8,191.25,-0.0057059925,-5.7059925,2.849723453058194,2.8496633610990765
8,191.25,-0.005359847500000001,-5.359847500000001,4.357064376094802,4.3570082376401436
8,191.25,-0.005013702500000001,-5.013702500000001,5.845224247405258,5.853294453106967
8,191.25,-0.0046675575,-4.6675575,2.4708156832867716,2.470768487841162
8,191.25,-0.0043214125,-4.3214125,4.790621504408913,4.785133039545324
8,191.25,-0.003975267500000001,-3.9752675000000006,5.778927509480527,5.809909863768043
8,191.25,-0.003629122500000001,-3.6291225000000007,2.990090075133715,2.9915656172437886
8,191.25,-0.0032829775,-3.2829775,4.252308681542368,4.262722869840093
8,191.25,-0.0029368325,-2.9368325,5.727842711531572,5.665326398373628
8,191.25,-0.002590687500000001,-2.590687500000001,3.4880889214894326,3.4962766550704276
8,191.25,-0.002244542500000001,-2.244542500000001,1.7580194913426397,1.7616719789456803
8,191.25,-0.0018983975000000002,-1.8983975000000002,5.411104604225469,5.416433193215092
8,191.25,-0.0015522525000000002,-1.5522525000000003,2.8519109372429643,2.8576451315476437
8,191.25,-0.0012061075000000011,-1.2061075000000012,1.9252836857158109,1.9283107770065746
8,191.25,-0.0008599625000000012,-0.8599625000000012,4.505749772829129,4.508938927378563
8,191.25,-0.0005138175000000004,-0.5138175000000004,2.0802503686686835,2.083512670480018
8,191.25,-0.0001676725000000004,-0.1676725000000004,4.922115189675273,4.856272574161919
8,191.25,0.0001784724999999987,0.1784724999999987,1.22276559548409,1.2241085487624241
8,191.25,0.0005246174999999987,0.5246174999999986,5.334326104872219,5.338161622534287
8,191.25,0.0008707624999999995,0.8707624999999994,4.669114899172279,4.682848663478824
8,191.25,0.0012169074999999994,1.2169074999999994,1.1692276842279772,1.170095839778016
8,191.25,0.0015630524999999985,1.5630524999999986,3.8543370668578456,3.855536648712853
8,191.25,0.0019091974999999994,1.9091974999999994,4.776157618453791,4.7847693169199
8,191.25,0.0022553425,2.2553425000000002,0.5223219685170413,0.5225394564248739
8,191.25,0.0026014874999999993,2.6014874999999993,3.7308562914560928,3.729829645665661
8,191.25,0.0029476324999999984,2.9476324999999983,4.147708541586947,4.12932926279415
8,191.25,0.0032937774999999975,3.2937774999999974,3.309796132672946,3.283957354914851
8,191.25,0.0036399224999999983,3.639922499999998,0.35816714586938103,0.357302547830795
8,191.25,0.003986067499999999,3.986067499999999,3.709844731190927,3.711128655290148
8,191.25,0.004332212499999998,4.332212499999998,3.14953008658783,3.147842535039775
8,191.25,0.004678357499999999,4.678357499999999,0.14773456244246128,0.14790696914032897
8,191.25,0.0050245025,5.0245025,3.03767425423162,3.0387990140119103
8,191.25,0.005370647499999999,5.370647499999999,2.6221314983616266,2.6212726345037796
8,191.25,0.005716792499999998,5.716792499999998,0.30383862683281326,0.3046437240930487
8,191.25,0.006062937499999997,6.062937499999997,2.196965852764024,2.196156282104426
8,191.25,0.006409082499999998,6.409082499999998,2.333361339113343,2.3376016448199355
8,191.25,0.006755227499999999,6.755227499999998,3.1082962668327356,3.108301383565732
8,191.25,0.007101372499999998,7.101372499999998,nan,nan
8,191.25,0.007447517499999999,7.447517499999999,2.8166546282913396,2.8144879112948162
8,191.25,0.0077936624999999995,7.7936625,3.2123972804062237,3.21068274017451
8,191.25,0.008139807499999999,8.139807499999998,nan,nan
8,191.25,0.008485952499999998,8.485952499999998,2.9223976621828087,2.916624699759287
8,191.25,0.008832097499999997,8.832097499999996,3.2796602783738944,3.2706066216789327
8,191.25,0.009178242499999998,9.178242499999998,nan,nan
8,191.25,0.009524387499999998,9.524387499999998,2.9981503011548702,2.97873941643562
8,191.25,0.009870532499999998,9.870532499999998,3.3301181470846983,3.30360484245353
8,191.25,0.010216677499999998,10.216677499999998,3.082812785450626,3.035297986430584
8,191.25,0.0105628225,10.5628225,nan,nan
8,191.25,0.010908967499999998,10.908967499999997,3.413273870029072,3.354988972936482
8,191.25,0.011255112499999997,11.255112499999997,3.230378811344962,3.1361178389701663
8,191.25,0.011601257499999997,11.601257499999997,nan,nan
8,191.25,0.011947402499999997,11.947402499999997,3.601301446140881,3.488354524528081
8,191.25,0.012293547499999998,12.293547499999999,3.5577177101073696,3.381664906876237
8,191.25,0.012639692499999997,12.639692499999997,nan,nan
8,191.25,0.012985837499999998,12.985837499999999,4.241830028151722,4.004596799051166
8,191.25,0.013331982499999999,13.331982499999999,5.349051301744734,4.888182109715651
8,191.25,0.013678127499999998,13.678127499999999,3.153295300527897,2.9556732356803823
9,213.75,-0.0136673275,-13.667327499999999,12.928904873885187,12.929221019995715
9,213.75,-0.0133211825,-13.3211825,nan,nan
9,213.75,-0.012975037499999998,-12.975037499999997,21.669138572570326,21.669896957527037
9,213.75,-0.012628892499999999,-12.6288925,nan,nan
9,213.75,-0.0122827475,-12.2827475,nan,nan
9,213.75,-0.0119366025,-11.936602500000001,15.373499434049956,15.373940833752048
9,213.75,-0.011590457499999998,-11.590457499999998,nan,nan
9,213.75,-0.011244312499999999,-11.2443125,nan,nan
9,213.75,-0.0108981675,-10.8981675,11.989123241636616,11.988824190615068
9,213.75,-0.010552022500000001,-10.552022500000001,nan,nan
9,213.75,-0.010205877499999998,-10.205877499999998,nan,nan
9,213.75,-0.0098597325,-9.8597325,10.21692745913121,10.216249460100627
9,213.75,-0.0095135875,-9.5135875,nan,nan
9,213.75,-0.009167442500000001,-9.167442500000002,nan,nan
9,213.75,-0.008821297499999999,-8.821297499999998,9.182904681921745,9.182263526522426
9,213.75,-0.0084751525,-8.4751525,nan,nan
9,213.75,-0.0081290075,-8.1290075,nan,nan
9,213.75,-0.0077828625,-7.7828625,8.598880293033613,8.598514284800425
9,213.75,-0.0074367175,-7.4367175,nan,nan
9,213.75,-0.0070905725,-7.0905724999999995,nan,nan
9,213.75,-0.0067444275000000005,-6.7444275000000005,8.159181887786584,8.159161481778787
9,213.75,-0.0063982825,-6.3982825,6.1231416168667225,6.123048818034882
9,213.75,-0.0060521375,-6.0521375,5.200160125784454,5.201080555990902
9,213.75,-0.0057059925,-5.7059925,2.847648947073581,2.847595099797767
9,213.75,-0.005359847500000001,-5.359847500000001,4.353910659455404,4.353867369613465
9,213.75,-0.005013702500000001,-5.013702500000001,5.840957665659488,5.849050475215041
9,213.75,-0.0046675575,-4.6675575,2.4690846620581297,2.4690488773472583
9,213.75,-0.0043214125,-4.3214125,4.787277230014284,4.7818309108301955
9,213.75,-0.003975267500000001,-3.9752675000000006,5.774742618827493,5.805710744945309
9,213.75,-0.003629122500000001,-3.6291225000000007,2.9879938921260694,2.9894874540125342
9,213.75,-0.0032829775,-3.2829775,4.249373379468396,4.259802496558596
9,213.75,-0.0029368325,-2.9368325,5.723655929441666,5.661246643582346
9,213.75,-0.002590687500000001,-2.590687500000001,3.4856613340327356,3.4938661847428807
9,213.75,-0.002244542500000001,-2.244542500000001,1.756786819610416,1.760448866108867
9,213.75,-0.0018983975000000002,-1.8983975000000002,5.407147755067668,5.4125170363605095
9,213.75,-0.0015522525000000002,-1.5522525000000003,2.849918663913808,2.8556793096944983
9,213.75,-0.0012061075000000011,-1.2061075000000012,1.923929047515818,1.9269732514067248
9,213.75,-0.0008599625000000012,-0.8599625000000012,4.502411917471375,4.505638964877531
9,213.75,-0.0005138175000000004,-0.5138175000000004,2.0786409881229297,2.081910096677449
9,213.75,-0.0001676725000000004,-0.1676725000000004,4.918409835903986,4.852722974007742
9,213.75,0.0001784724999999987,0.1784724999999987,1.221802481845954,1.2231441239533851
9,213.75,0.0005246174999999987,0.5246174999999986,5.330348916517251,5.334237437068857
9,213.75,0.0008707624999999995,0.8707624999999994,4.665541894913241,4.679289496150002
9,213.75,0.0012169074999999994,1.2169074999999994,1.1682775114757835,1.1691377157291267
9,213.75,0.0015630524999999985,1.5630524999999986,3.851352375310893,3.852585952101634
9,213.75,0.0019091974999999994,1.9091974999999994,4.772379160969182,4.781014732016232
9,213.75,0.0022553425,2.2553425000000002,0.5218546263306935,0.5220581709325091
9,213.75,0.0026014874999999993,2.6014874999999993,3.7278313691922063,3.726838568721819
9,213.75,0.0029476324999999984,2.9476324999999983,4.1443008537749995,4.126000129778305
9,213.75,0.0032937774999999975,3.2937774999999974,3.3069738858279347,3.2811715554750993
9,213.75,0.0036399224999999983,3.639922499999998,0.3576771928279418,0.35681004237340197
9,213.75,0.003986067499999999,3.986067499999999,3.706667914487344,3.708020610946847
9,213.75,0.004332212499999998,4.332212499999998,3.146695536648202,3.145057865485202
9,213.75,0.004678357499999999,4.678357499999999,0.1474626224060913,0.14770476130410848
9,213.75,0.0050245025,5.0245025,3.0349120768121463,3.0361633600295153
9,213.75,0.005370647499999999,5.370647499999999,2.619614417112764,2.618911135221741
9,213.75,0.005716792499999998,5.716792499999998,0.30345358647036436,0.3047156349702864
9,213.75,0.006062937499999997,6.062937499999997,2.1955060725216033,2.195131312644358
9,213.75,0.006409082499999998,6.409082499999998,2.332002190394189,2.3370359450133624
9,213.75,0.006755227499999999,6.755227499999998,3.1064112074239674,3.107307724601068
9,213.75,0.007101372499999998,7.101372499999998,nan,nan
9,213.75,0.007447517499999999,7.447517499999999,2.815855056070181,2.814998351389305
9,213.75,0.0077936624999999995,7.7936625,3.2115962722799334,3.2113902249916473
9,213.75,0.008139807499999999,8.139807499999998,nan,nan
9,213.75,0.008485952499999998,8.485952499999998,2.9228260991803707,2.919054549915602
9,213.75,0.008832097499999997,8.832097499999996,3.279656165807268,3.2728181401425163
9,213.75,0.009178242499999998,9.178242499999998,nan,nan
9,213.75,0.009524387499999998,9.524387499999998,2.9991003050707428,2.982579371847903
9,213.75,0.009870532499999998,9.870532499999998,3.3301041857464098,3.30669686601964
9,213.75,0.010216677499999998,10.216677499999998,3.083241282411666,3.039726450490073
9,213.75,0.0105628225,10.5628225,nan,nan
9,213.75,0.010908967499999998,10.908967499999997,3.4122267878882684,3.3581466769953994
9,213.75,0.011255112499999997,11.255112499999997,3.228363217647693,3.139393074475161
9,213.75,0.011601257499999997,11.601257499999997,nan,nan
9,213.75,0.011947402499999997,11.947402499999997,3.596303661338872,3.4886561701399215
9,213.75,0.012293547499999998,12.293547499999999,3.547587479808836,3.3781036297990976
9,213.75,0.012639692499999997,12.639692499999997,nan,nan
9,213.75,0.012985837499999998,12.985837499999999,4.225374773114033,3.9950449729566286
9,213.75,0.013331982499999999,13.331982499999999,5.315191090032638,4.865046334841856
9,213.75,0.013678127499999998,13.678127499999999,3.1338433508824237,2.94189039877347
10,236.25,-0.0136673275,-13.667327499999999,12.943748808189456,12.944068525632483
10,236.25,-0.0133211825,-13.3211825,nan,nan
10,236.25,-0.012975037499999998,-12.975037499999997,21.69395367421932,21.694722933940973
10,236.25,-0.012628892499999999,-12.6288925,nan,nan
10,236.25,-0.0122827475,-12.2827475,nan,nan
10,236.25,-0.0119366025,-11.936602500000001,15.391037107578743,15.39148880083686
10,236.25,-0.011590457499999998,-11.590457499999998,nan,nan
10,236.25,-0.011244312499999999,-11.2443125,nan,nan
10,236.25,-0.0108981675,-10.8981675,12.002808213960813,12.002518194072419
10,236.25,-0.010552022500000001,-10.552022500000001,nan,nan
10,236.25,-0.010205877499999998,-10.205877499999998,nan,nan
10,236.25,-0.0098597325,-9.8597325,10.228625837463651,10.22796113831334
10,236.25,-0.0095135875,-9.5135875,nan,nan
10,236.25,-0.009167442500000001,-9.167442500000002,nan,nan
10,236.25,-0.008821297499999999,-8.821297499999998,9.193423258897916,9.19279681896255
10,236.25,-0.0084751525,-8.4751525,nan,nan
10,236.25,-0.0081290075,-8.1290075,nan,nan
10,236.25,-0.0077828625,-7.7828625,8.608707865117402,8.608360338063974
10,236.25,-0.0074367175,-7.4367175,nan,nan
10,236.25,-0.0070905725,-7.0905724999999995,nan,nan
10,236.25,-0.0067444275000000005,-6.7444275000000005,8.16860069412679,8.168603827853392
10,236.25,-0.0063982825,-6.3982825,6.13030223851626,6.13022768491022
10,236.25,-0.0060521375,-6.0521375,5.206197524497146,5.207138735046731
10,236.25,-0.0057059925,-5.7059925,2.8509353819805696,2.8508928577480925
10,236.25,-0.005359847500000001,-5.359847500000001,4.358965753121227,4.3589428985974665
10,236.25,-0.005013702500000001,-5.013702500000001,5.847767186059023,5.8559082294395095
10,236.25,-0.0046675575,-4.6675575,2.4719974267497897,2.4719778183729817
10,236.25,-0.0043214125,-4.3214125,4.792988721041376,4.787580972796003
10,236.25,-0.003975267500000001,-3.9752675000000006,5.781532787732486,5.812556497415828
10,236.25,-0.003629122500000001,-3.6291225000000007,2.99154728934864,2.9930696341867753
10,236.25,-0.0032829775,-3.2829775,4.25448679485895,4.2649643517857765
10,236.25,-0.0029368325,-2.9368325,5.730359644145532,5.667964351215427
10,236.25,-0.002590687500000001,-2.590687500000001,3.4898265445237064,3.4980847619645528
10,236.25,-0.002244542500000001,-2.244542500000001,1.7588542222145527,1.762546747274936
10,236.25,-0.0018983975000000002,-1.8983975000000002,5.413485455005628,5.418926048200295
10,236.25,-0.0015522525000000002,-1.5522525000000003,2.853295992359692,2.8591176131810108
10,236.25,-0.0012061075000000011,-1.2061075000000012,1.9261706408732258,1.9292568318763381
10,236.25,-0.0008599625000000012,-0.8599625000000012,4.507626913668134,4.510922981106702
10,236.25,-0.0005138175000000004,-0.5138175000000004,2.0807799148748525,2.0841013639014223
10,236.25,-0.0001676725000000004,-0.1676725000000004,4.924030635551823,4.858412398714704
10,236.25,0.0001784724999999987,0.1784724999999987,1.2228795315125345,1.224259131965164
10,236.25,0.0005246174999999987,0.5246174999999986,5.33645059191527,5.340451810920485
10,236.25,0.0008707624999999995,0.8707624999999994,4.670763276661308,4.684596081016401
10,236.25,0.0012169074999999994,1.2169074999999994,1.1691063082254336,1.1700210062904424
10,236.25,0.0015630524999999985,1.5630524999999986,3.855453564982493,3.8567939192719956
10,236.25,0.0019091974999999994,1.9091974999999994,4.777535897039903,4.786275590219049
10,236.25,0.0022553425,2.2553425000000002,0.5220072371675596,0.5222507413686369
10,236.25,0.0026014874999999993,2.6014874999999993,3.731561286569735,3.7306930400972895
10,236.25,0.0029476324999999984,2.9476324999999983,4.148564675313883,4.130375423264595
10,236.25,0.0032937774999999975,3.2937774999999974,3.309977962122834,3.2842779031075104
10,236.25,0.0036399224999999983,3.639922499999998,0.35751610120582855,0.35673784883383686
10,236.25,0.003986067499999999,3.986067499999999,3.710272739538908,3.711784641849908
10,236.25,0.004332212499999998,4.332212499999998,3.149412496769214,3.147979458258887
10,236.25,0.004678357499999999,4.678357499999999,0.14756547875777132,0.14791379570582047
10,236.25,0.0050245025,5.0245025,3.0378131050383996,3.0392829668210304
10,236.25,0.005370647499999999,5.370647499999999,2.621977570700773,2.6215011020447934
10,236.25,0.005716792499999998,5.716792499999998,0.30456235085797706,0.30577795750304937
10,236.25,0.006062937499999997,6.062937499999997,2.1986248966359474,2.1979726360277954
10,236.25,0.006409082499999998,6.409082499999998,2.3359409963489948,2.340622386995735
10,236.25,0.006755227499999999,6.755227499999998,3.1116665599652515,3.1121139091869643
10,236.25,0.007101372499999998,7.101372499999998,nan,nan
10,236.25,0.007447517499999999,7.447517499999999,2.822050971636722,2.8202791821703643
10,236.25,0.0077936624999999995,7.7936625,3.218531398761991,3.217356053621604
10,236.25,0.008139807499999999,8.139807499999998,nan,nan
10,236.25,0.008485952499999998,8.485952499999998,2.9303052423134117,2.9251722742830264
10,236.25,0.008832097499999997,8.832097499999996,3.2868277971379474,3.278772918841393
10,236.25,0.009178242499999998,9.178242499999998,nan,nan
10,236.25,0.009524387499999998,9.524387499999998,3.0056757426567775,2.9876792493118227
10,236.25,0.009870532499999998,9.870532499999998,3.33537705654638,3.3108075134375756
10,236.25,0.010216677499999998,10.216677499999998,3.0864313049320087,3.0417383696439866
10,236.25,0.0105628225,10.5628225,nan,nan
10,236.25,0.010908967499999998,10.908967499999997,3.413563860649754,3.358957941120471
10,236.25,0.011255112499999997,11.255112499999997,3.2261211168317283,3.137065289432606
10,236.25,0.011601257499999997,11.601257499999997,nan,nan
10,236.25,0.011947402499999997,11.947402499999997,3.592460883474608,3.4857114996899625
10,236.25,0.012293547499999998,12.293547499999999,3.538251453349794,3.3713152232541463
10,236.25,0.012639692499999997,12.639692499999997,nan,nan
10,236.25,0.012985837499999998,12.985837499999999,4.212755184760099,3.9873692900945703
10,236.25,0.013331982499999999,13.331982499999999,5.284123570337824,4.846669320720573
10,236.25,0.013678127499999998,13.678127499999999,3.116183531423893,2.932014543409834
11,258.75,-0.0136673275,-13.667327499999999,12.964605645027094,12.964925024478628
11,258.75,-0.0133211825,-13.3211825,nan,nan
11,258.75,-0.012975037499999998,-12.975037499999997,21.728866152870594,21.729635171496703
11,258.75,-0.012628892499999999,-12.6288925,nan,nan
11,258.75,-0.0122827475,-12.2827475,nan,nan
11,258.75,-0.0119366025,-11.936602500000001,15.415723603030902,15.416176449564148
11,258.75,-0.011590457499999998,-11.590457499999998,nan,nan
11,258.75,-0.011244312499999999,-11.2443125,nan,nan
11,258.75,-0.0108981675,-10.8981675,12.022013841228391,12.02172426420649
11,258.75,-0.010552022500000001,-10.552022500000001,nan,nan
11,258.75,-0.010205877499999998,-10.205877499999998,nan,nan
11,258.75,-0.0098597325,-9.8597325,10.244987640263481,10.244324646292059
11,258.75,-0.0095135875,-9.5135875,nan,nan
11,258.75,-0.009167442500000001,-9.167442500000002,nan,nan
11,258.75,-0.008821297499999999,-8.821297499999998,9.208127238581401,9.207505364272908
11,258.75,-0.0084751525,-8.4751525,nan,nan
11,258.75,-0.0081290075,-8.1290075,nan,nan
11,258.75,-0.0077828625,-7.7828625,8.6224692509933,8.622129351908281
11,258.75,-0.0074367175,-7.4367175,nan,nan
11,258.75,-0.0070905725,-7.0905724999999995,nan,nan
11,258.75,-0.0067444275000000005,-6.7444275000000005,8.181734668224108,8.181747938881223
11,258.75,-0.0063982825,-6.3982825,6.140262053146247,6.1401946679990065
11,258.75,-0.0060521375,-6.0521375,5.214629559957398,5.21557840041947
11,258.75,-0.0057059925,-5.7059925,2.8555847088490967,2.8555445915829742
11,258.75,-0.005359847500000001,-5.359847500000001,4.366207151958381,4.366186356289196
11,258.75,-0.005013702500000001,-5.013702500000001,5.857370943200799,5.865553262067697
11,258.75,-0.0046675575,-4.6675575,2.476190017255401,2.4761689184595634
11,258.75,-0.0043214125,-4.3214125,4.801310911145236,4.795877909298051
11,258.75,-0.003975267500000001,-3.9752675000000006,5.791165890797534,5.8222405988504065
11,258.75,-0.003629122500000001,-3.6291225000000007,2.996818541570546,2.9983367904872233
11,258.75,-0.0032829775,-3.2829775,4.262081915650517,4.272560676596781
11,258.75,-0.0029368325,-2.9368325,5.739953631733915,5.6775906615404335
11,258.75,-0.002590687500000001,-2.590687500000001,3.496207426107434,3.504460962333948
11,258.75,-0.002244542500000001,-2.244542500000001,1.7621072102220436,1.7657927954217538
11,258.75,-0.0018983975000000002,-1.8983975000000002,5.422744233410164,5.42819968357414
11,258.75,-0.0015522525000000002,-1.5522525000000003,2.8587052993974473,2.8645160478565446
11,258.75,-0.0012061075000000011,-1.2061075000000012,1.9297791117778553,1.9328581214506366
11,258.75,-0.0008599625000000012,-0.8599625000000012,4.515290496286494,4.518609189158038
11,258.75,-0.0005138175000000004,-0.5138175000000004,2.084312368919446,2.087633982504657
11,258.75,-0.0001676725000000004,-0.1676725000000004,4.932489621077822,4.866822379626623
11,258.75,0.0001784724999999987,0.1784724999999987,1.2248585767826174,1.2262311979093676
11,258.75,0.0005246174999999987,0.5246174999999986,5.3458890023907815,5.349907564485142
11,258.75,0.0008707624999999995,0.8707624999999994,4.678819478257418,4.692708427642612
11,258.75,0.0012169074999999994,1.2169074999999994,1.1710821342620674,1.1719715578479333
11,258.75,0.0015630524999999985,1.5630524999999986,3.8622009996895748,3.8635405771223565
11,258.75,0.0019091974999999994,1.9091974999999994,4.785760240807233,4.7945609747559645
11,258.75,0.0022553425,2.2553425000000002,0.5228473067241873,0.5230644151860736
11,258.75,0.0026014874999999993,2.6014874999999993,3.738052633023111,3.737174944409541
11,258.75,0.0029476324999999984,2.9476324999999983,4.155707535921794,4.137447217282901
11,258.75,0.0032937774999999975,3.2937774999999974,3.3157354751282644,3.289781760898705
11,258.75,0.0036399224999999983,3.639922499999998,0.3579433028317197,0.35715679098064484
11,258.75,0.003986067499999999,3.986067499999999,3.716728410778516,3.7183617654944405
11,258.75,0.004332212499999998,4.332212499999998,3.155010754577999,3.153597048087612
11,258.75,0.004678357499999999,4.678357499999999,0.14806944248204396,0.14846511773902682
11,258.75,0.0050245025,5.0245025,3.0433502369382346,3.0449711503007464
11,258.75,0.005370647499999999,5.370647499999999,2.6269680912452036,2.626455456186153
11,258.75,0.005716792499999998,5.716792499999998,0.30568200563657494,0.30639527760346535
11,258.75,0.006062937499999997,6.062937499999997,2.2027021919001957,2.2012935826621405
11,258.75,0.006409082499999998,6.409082499999998,2.340790520513896,2.3441875414791613
11,258.75,0.006755227499999999,6.755227499999998,3.1182936318683825,3.1173471882284356
11,258.75,0.007101372499999998,7.101372499999998,nan,nan
11,258.75,0.007447517499999999,7.447517499999999,2.8286062392755276,2.824310498072899
11,258.75,0.0077936624999999995,7.7936625,3.2260678868329373,3.2223914293986264
11,258.75,0.008139807499999999,8.139807499999998,nan,nan
11,258.75,0.008485952499999998,8.485952499999998,2.938081064608066,2.9292437703457095
11,258.75,0.008832097499999997,8.832097499999996,3.2954521725324684,3.2839687492357057
11,258.75,0.009178242499999998,9.178242499999998,nan,nan
11,258.75,0.009524387499999998,9.524387499999998,3.014376382243491,2.991678570044736
11,258.75,0.009870532499999998,9.870532499999998,3.344310919379607,3.3156256153244703
11,258.75,0.010216677499999998,10.216677499999998,3.0951104624252768,3.0452850084959597
11,258.75,0.0105628225,10.5628225,nan,nan
11,258.75,0.010908967499999998,10.908967499999997,3.422358545531024,3.363625198946172
11,258.75,0.011255112499999997,11.255112499999997,3.23507615495977,3.141475595617298
11,258.75,0.011601257499999997,11.601257499999997,nan,nan
11,258.75,0.011947402499999997,11.947402499999997,3.6019595480419486,3.4921234171690356
11,258.75,0.012293547499999998,12.293547499999999,3.5496515426975943,3.3797617172600294
11,258.75,0.012639692499999997,12.639692499999997,nan,nan
11,258.75,0.012985837499999998,12.985837499999999,4.228332893889708,4.001853564562551
11,258.75,0.013331982499999999,13.331982499999999,5.314306018904637,4.8777362972052485
11,258.75,0.013678127499999998,13.678127499999999,3.1341071520575374,2.950976126517809
12,281.25,-0.0136673275,-13.667327499999999,12.979508190392403,12.979826693531127
12,281.25,-0.0133211825,-13.3211825,nan,nan
12,281.25,-0.012975037499999998,-12.975037499999997,21.753884675394758,21.754648017552302
12,281.25,-0.012628892499999999,-12.6288925,nan,nan
12,281.25,-0.0122827475,-12.2827475,nan,nan
12,281.25,-0.0119366025,-11.936602500000001,15.433459922114658,15.433906042959544
12,281.25,-0.011590457499999998,-11.590457499999998,nan,nan
12,281.25,-0.011244312499999999,-11.2443125,nan,nan
12,281.25,-0.0108981675,-10.8981675,12.035743759561711,12.035445211660639
12,281.25,-0.010552022500000001,-10.552022500000001,nan,nan
12,281.25,-0.010205877499999998,-10.205877499999998,nan,nan
12,281.25,-0.0098597325,-9.8597325,10.256622192007105,10.255948758645491
12,281.25,-0.0095135875,-9.5135875,nan,nan
12,281.25,-0.009167442500000001,-9.167442500000002,nan,nan
12,281.25,-0.008821297499999999,-8.821297499999998,9.218606217784766,9.217972573491638
12,281.25,-0.0084751525,-8.4751525,nan,nan
12,281.25,-0.0081290075,-8.1290075,nan,nan
12,281.25,-0.0077828625,-7.7828625,8.632326128646191,8.631973960036305
12,281.25,-0.0074367175,-7.4367175,nan,nan
12,281.25,-0.0070905725,-7.0905724999999995,nan,nan
12,281.25,-0.0067444275000000005,-6.7444275000000005,8.190999143967842,8.190996356410878
12,281.25,-0.0063982825,-6.3982825,6.1471392663665405,6.147054088119639
12,281.25,-0.0060521375,-6.0521375,5.220520378733322,5.221453806006617
12,281.25,-0.0057059925,-5.7059925,2.85884981905907,2.8587975845538667
12,281.25,-0.005359847500000001,-5.359847500000001,4.371276150988795,4.371233627546353
12,281.25,-0.005013702500000001,-5.013702500000001,5.864076875647727,5.872250722821868
12,281.25,-0.0046675575,-4.6675575,2.4790513883800487,2.4790126878625713
12,281.25,-0.0043214125,-4.3214125,4.806980231682655,4.80146313340144
12,281.25,-0.003975267500000001,-3.9752675000000006,5.797851819026505,5.828961845931773
12,281.25,-0.003629122500000001,-3.6291225000000007,3.000457122752434,3.0019442046091247
12,281.25,-0.0032829775,-3.2829775,4.26725528413872,4.277701668525637
12,281.25,-0.0029368325,-2.9368325,5.746690804858181,5.684284131148866
12,281.25,-0.002590687500000001,-2.590687500000001,3.5006520489686377,3.508865988072092
12,281.25,-0.002244542500000001,-2.244542500000001,1.7644315386339533,1.7680908859094493
12,281.25,-0.0018983975000000002,-1.8983975000000002,5.429300794166115,5.434705759142817
12,281.25,-0.0015522525000000002,-1.5522525000000003,2.8625709797170376,2.868327229968331
12,281.25,-0.0012061075000000011,-1.2061075000000012,1.9323942771760283,1.9354306897256917
12,281.25,-0.0008599625000000012,-0.8599625000000012,4.520808383858759,4.524076255851895
12,281.25,-0.0005138175000000004,-0.5138175000000004,2.0871621331213377,2.0904344814921183
12,281.25,-0.0001676725000000004,-0.1676725000000004,4.938731112746996,4.872824782062132
12,281.25,0.0001784724999999987,0.1784724999999987,1.2266073952968435,1.227930069976405
12,281.25,0.0005246174999999987,0.5246174999999986,5.352887835736989,5.356809154466442
12,281.25,0.0008707624999999995,0.8707624999999994,4.6849495727959685,4.6988340981776755
12,281.25,0.0012169074999999994,1.2169074999999994,1.173087000265592,1.1738888679900321
12,281.25,0.0015630524999999985,1.5630524999999986,3.8676069856385964,3.8688234638079835
12,281.25,0.0019091974999999994,1.9091974999999994,4.79233019929481,4.801094341449828
12,281.25,0.0022553425,2.2553425000000002,0.5239621087178449,0.5241015344698375
12,281.25,0.0026014874999999993,2.6014874999999993,3.7436381860571792,3.7425910188449176
12,281.25,0.0029476324999999984,2.9476324999999983,4.161778622479751,4.14325141381263
12,281.25,0.0032937774999999975,3.2937774999999974,3.321200363718841,3.2947837948856953
12,281.25,0.0036399224999999983,3.639922499999998,0.3590894631005231,0.35815666282683445
12,281.25,0.003986067499999999,3.986067499999999,3.7226753674347974,3.7241812067753326
12,281.25,0.004332212499999998,4.332212499999998,3.1608538567916113,3.1591222468169047
12,281.25,0.004678357499999999,4.678357499999999,0.14926801107317358,0.14943475289272715
12,281.25,0.0050245025,5.0245025,3.0491348714899695,3.0504767549718874
12,281.25,0.005370647499999999,5.370647499999999,2.6329461003076924,2.6318351900407295
12,281.25,0.005716792499999998,5.716792499999998,0.3082479527689314,0.3078499962659202
12,281.25,0.006062937499999997,6.062937499999997,2.206394020004197,2.2040649460741606
12,281.25,0.006409082499999998,6.409082499999998,2.3456269360905977,2.3472076807521964
12,281.25,0.006755227499999999,6.755227499999998,3.1246322516567795,3.121701664145983
12,281.25,0.007101372499999998,7.101372499999998,nan,nan
12,281.25,0.007447517499999999,7.447517499999999,2.8347780444390898,2.827345932175304
12,281.25,0.0077936624999999995,7.7936625,3.2328931053492918,3.226231846632058
12,281.25,0.008139807499999999,8.139807499999998,nan,nan
12,281.25,0.008485952499999998,8.485952499999998,2.94551565355011,2.9328487033411053
12,281.25,0.008832097499999997,8.832097499999996,3.304008765575128,3.289553708076777
12,281.25,0.009178242499999998,9.178242499999998,nan,nan
12,281.25,0.009524387499999998,9.524387499999998,3.024277969302835,2.998569590839262
12,281.25,0.009870532499999998,9.870532499999998,3.3552992291714436,3.325265246567972
12,281.25,0.010216677499999998,10.216677499999998,3.108156277493212,3.0585481996367982
12,281.25,0.0105628225,10.5628225,nan,nan
12,281.25,0.010908967499999998,10.908967499999997,3.4363596799947045,3.380402351032265
12,281.25,0.011255112499999997,11.255112499999997,3.25243373203108,3.166228936313357
12,281.25,0.011601257499999997,11.601257499999997,nan,nan
12,281.25,0.011947402499999997,11.947402499999997,3.620386757006824,3.522166646479144
12,281.25,0.012293547499999998,12.293547499999999,3.5750725797535017,3.4269232492901573
12,281.25,0.012639692499999997,12.639692499999997,nan,nan
12,281.25,0.012985837499999998,12.985837499999999,4.260713066893494,4.066132615348396
12,281.25,0.013331982499999999,13.331982499999999,5.383296883949642,5.016639008026302
12,281.25,0.013678127499999998,13.678127499999999,3.1745848852023935,3.031703539074443
13,303.75,-0.0136673275,-13.667327499999999,12.977456438042708,12.977784376283012
13,303.75,-0.0133211825,-13.3211825,nan,nan
13,303.75,-0.012975037499999998,-12.975037499999997,21.75050131629693,21.75128989246286
13,303.75,-0.012628892499999999,-12.6288925,nan,nan
13,303.75,-0.0122827475,-12.2827475,nan,nan
13,303.75,-0.0119366025,-11.936602500000001,15.431183185701073,15.431658096710208
13,303.75,-0.011590457499999998,-11.590457499999998,nan,nan
13,303.75,-0.011244312499999999,-11.2443125,nan,nan
13,303.75,-0.0108981675,-10.8981675,12.034062841124802,12.033792083425789
13,303.75,-0.010552022500000001,-10.552022500000001,nan,nan
13,303.75,-0.010205877499999998,-10.205877499999998,nan,nan
13,303.75,-0.0098597325,-9.8597325,10.255204874361953,10.254560733540115
13,303.75,-0.0095135875,-9.5135875,nan,nan
13,303.75,-0.009167442500000001,-9.167442500000002,nan,nan
13,303.75,-0.008821297499999999,-8.821297499999998,9.217322762761816,9.21672318081965
13,303.75,-0.0084751525,-8.4751525,nan,nan
13,303.75,-0.0081290075,-8.1290075,nan,nan
13,303.75,-0.0077828625,-7.7828625,8.631108660338855,8.630796794719846
13,303.75,-0.0074367175,-7.4367175,nan,nan
13,303.75,-0.0070905725,-7.0905724999999995,nan,nan
13,303.75,-0.0067444275000000005,-6.7444275000000005,8.189693680220058,8.18974496917368
13,303.75,-0.0063982825,-6.3982825,6.145958757253829,6.145927349245091
13,303.75,-0.0060521375,-6.0521375,5.219594120840637,5.220580066303911
13,303.75,-0.0057059925,-5.7059925,2.858276663495117,2.858261089176835
13,303.75,-0.005359847500000001,-5.359847500000001,4.370235325859165,4.370259975412078
13,303.75,-0.005013702500000001,-5.013702500000001,5.862875845958293,5.871106860116569
13,303.75,-0.0046675575,-4.6675575,2.4783395287253884,2.478353807197462
13,303.75,-0.0043214125,-4.3214125,4.805370049782357,4.7999789000513315
13,303.75,-0.003975267500000001,-3.9752675000000006,5.796498643668772,5.82772299967379
13,303.75,-0.003629122500000001,-3.6291225000000007,2.999344278826768,3.000922734643303
13,303.75,-0.0032829775,-3.2829775,4.265567315798461,4.2761525136712075
13,303.75,-0.0029368325,-2.9368325,5.7452968107377655,5.682885019982043
13,303.75,-0.002590687500000001,-2.590687500000001,3.499054180310272,3.5074198156377987
13,303.75,-0.002244542500000001,-2.244542500000001,1.7635629135844333,1.767317888866437
13,303.75,-0.0018983975000000002,-1.8983975000000002,5.427710753811659,5.433302010683214
13,303.75,-0.0015522525000000002,-1.5522525000000003,2.8609694585919447,2.8669040654008096
13,303.75,-0.0012061075000000011,-1.2061075000000012,1.931353434879689,1.934513573721411
13,303.75,-0.0008599625000000012,-0.8599625000000012,4.519526861270065,4.522975051433709
13,303.75,-0.0005138175000000004,-0.5138175000000004,2.0864124195950207,2.089843012530966
13,303.75,-0.0001676725000000004,-0.1676725000000004,4.937185193387178,4.871477591185348
13,303.75,0.0001784724999999987,0.1784724999999987,1.2261726734540346,1.2276382308125229
13,303.75,0.0005246174999999987,0.5246174999999986,5.350813503574739,5.355051236038975
13,303.75,0.0008707624999999995,0.8707624999999994,4.683375351010684,4.697547769786927
13,303.75,0.0012169074999999994,1.2169074999999994,1.1724468691820407,1.1734675882120296
13,303.75,0.0015630524999999985,1.5630524999999986,3.866030053230193,3.8675849796870234
13,303.75,0.0019091974999999994,1.9091974999999994,4.7906552302443215,4.7997814804392736
13,303.75,0.0022553425,2.2553425000000002,0.5236135210819881,0.5239283948364192
13,303.75,0.0026014874999999993,2.6014874999999993,3.74205852389623,3.7414255984392635
13,303.75,0.0029476324999999984,2.9476324999999983,4.160241264079273,4.142205219347092
13,303.75,0.0032937774999999975,3.2937774999999974,3.319694195867757,3.2939848834553938
13,303.75,0.0036399224999999983,3.639922499999998,0.3590946394729272,0.3582805892899299
13,303.75,0.003986067499999999,3.986067499999999,3.7211992539780923,3.7230194959600245
13,303.75,0.004332212499999998,4.332212499999998,3.1594200682185387,3.158042057566577
13,303.75,0.004678357499999999,4.678357499999999,0.1496709968979019,0.14927296966532494
13,303.75,0.0050245025,5.0245025,3.04816243681488,3.0493094408524386
13,303.75,0.005370647499999999,5.370647499999999,2.632353437167986,2.6307331765218396
13,303.75,0.005716792499999998,5.716792499999998,0.310991487352538,0.3077597367497176
13,303.75,0.006062937499999997,6.062937499999997,2.2072365477710454,2.203449237754378
13,303.75,0.006409082499999998,6.409082499999998,2.3475319620848105,2.3460190474496225
13,303.75,0.006755227499999999,6.755227499999998,3.1265402405926976,3.1198057204411715
13,303.75,0.007101372499999998,7.101372499999998,nan,nan
13,303.75,0.007447517499999999,7.447517499999999,2.838383747527765,2.8250371423191964
13,303.75,0.0077936624999999995,7.7936625,3.235977083692981,3.2231606193406024
13,303.75,0.008139807499999999,8.139807499999998,nan,nan
13,303.75,0.008485952499999998,8.485952499999998,2.9491389108408668,2.929027298411486
13,303.75,0.008832097499999997,8.832097499999996,3.3058450602153506,3.285562331511848
13,303.75,0.009178242499999998,9.178242499999998,nan,nan
13,303.75,0.009524387499999998,9.524387499999998,3.025311784777458,2.9949935921212862
13,303.75,0.009870532499999998,9.870532499999998,3.354113303131229,3.323156759694381
13,303.75,0.010216677499999998,10.216677499999998,3.104775118786929,3.059211840040405
13,303.75,0.0105628225,10.5628225,nan,nan
13,303.75,0.010908967499999998,10.908967499999997,3.4305927745293707,3.383972980244817
13,303.75,0.011255112499999997,11.255112499999997,3.2427927292659366,3.1758233841024075
13,303.75,0.011601257499999997,11.601257499999997,nan,nan
13,303.75,0.011947402499999997,11.947402499999997,3.6088811682287267,3.53651445411924
13,303.75,0.012293547499999998,12.293547499999999,3.5577872428943955,3.453910610454567
13,303.75,0.012639692499999997,12.639692499999997,nan,nan
13,303.75,0.012985837499999998,12.985837499999999,4.238861982100274,4.101684379816813
13,303.75,0.013331982499999999,13.331982499999999,5.340772003961644,5.086482895654535
13,303.75,0.013678127499999998,13.678127499999999,3.150873502782009,3.0705516478716093
14,326.25,-0.0136673275,-13.667327499999999,12.988638068446386,12.988965265861085
14,326.25,-0.0133211825,-13.3211825,nan,nan
14,326.25,-0.012975037499999998,-12.975037499999997,21.76921062829405,21.769999917945466
14,326.25,-0.012628892499999999,-12.6288925,nan,nan
14,326.25,-0.0122827475,-12.2827475,nan,nan
14,326.25,-0.0119366025,-11.936602500000001,15.444351982078393,15.444828716734182
14,326.25,-0.011590457499999998,-11.590457499999998,nan,nan
14,326.25,-0.011244312499999999,-11.2443125,nan,nan
14,326.25,-0.0108981675,-10.8981675,12.044219497203846,12.043954847327294
14,326.25,-0.010552022500000001,-10.552022500000001,nan,nan
14,326.25,-0.010205877499999998,-10.205877499999998,nan,nan
14,326.25,-0.0098597325,-9.8597325,10.26382280267165,10.263186798012303
14,326.25,-0.0095135875,-9.5135875,nan,nan
14,326.25,-0.009167442500000001,-9.167442500000002,nan,nan
14,326.25,-0.008821297499999999,-8.821297499999998,9.225081043407528,9.22449241739213
14,326.25,-0.0084751525,-8.4751525,nan,nan
14,326.25,-0.0081290075,-8.1290075,nan,nan
14,326.25,-0.0077828625,-7.7828625,8.63840329150134,8.638107974723006
14,326.25,-0.0074367175,-7.4367175,nan,nan
14,326.25,-0.0070905725,-7.0905724999999995,nan,nan
14,326.25,-0.0067444275000000005,-6.7444275000000005,8.196627625510716,8.19670203125157
14,326.25,-0.0063982825,-6.3982825,6.151170829870217,6.151161562043101
14,326.25,-0.0060521375,-6.0521375,5.22402246863141,5.225027599953034
14,326.25,-0.0057059925,-5.7059925,2.8607243155811446,2.860720413417633
14,326.25,-0.005359847500000001,-5.359847500000001,4.3740590818328595,4.374101433632301
14,326.25,-0.005013702500000001,-5.013702500000001,5.867920757381337,5.876195352049204
14,326.25,-0.0046675575,-4.6675575,2.480518720643113,2.4805441070637104
14,326.25,-0.0043214125,-4.3214125,4.809716547252002,4.8043267773361125
14,326.25,-0.003975267500000001,-3.9752675000000006,5.801538185077471,5.83282834818941
14,326.25,-0.003629122500000001,-3.6291225000000007,3.0021024416681366,3.003697528127045
14,326.25,-0.0032829775,-3.2829775,4.269516002426755,4.280131571182647
14,326.25,-0.0029368325,-2.9368325,5.750329635617049,5.687966684121126
14,326.25,-0.002590687500000001,-2.590687500000001,3.5023863192777664,3.510783976224583
14,326.25,-0.002244542500000001,-2.244542500000001,1.7652617449968917,1.769036033756306
14,326.25,-0.0018983975000000002,-1.8983975000000002,5.432578307487156,5.438221979223559
14,326.25,-0.0015522525000000002,-1.5522525000000003,2.8638098078704686,2.869782050087505
14,326.25,-0.0012061075000000011,-1.2061075000000012,1.9332397774643095,1.9364310919467482
14,326.25,-0.0008599625000000012,-0.8599625000000012,4.523557819636851,4.527069158021612
14,326.25,-0.0005138175000000004,-0.5138175000000004,2.088273103237911,2.0917724450029223
14,326.25,-0.0001676725000000004,-0.1676725000000004,4.941661582639379,4.875975391545737
14,326.25,0.0001784724999999987,0.1784724999999987,1.2271937527096022,1.2287287354814405
14,326.25,0.0005246174999999987,0.5246174999999986,5.355789240927523,5.360130515605131
14,326.25,0.0008707624999999995,0.8707624999999994,4.687640823843267,4.70195462428405
14,326.25,0.0012169074999999994,1.2169074999999994,1.173449492543184,1.1745681287686753
14,326.25,0.0015630524999999985,1.5630524999999986,3.8695802119696387,3.8712615223078726
14,326.25,0.0019091974999999994,1.9091974999999994,4.795038901559552,4.804348523403404
14,326.25,0.0022553425,2.2553425000000002,0.5240165286309254,0.524412566338019
14,326.25,0.0026014874999999993,2.6014874999999993,3.745491047035249,3.7450214836656346
14,326.25,0.0029476324999999984,2.9476324999999983,4.164058566462162,4.146136041296804
14,326.25,0.0032937774999999975,3.2937774999999974,3.322684413538252,3.2970475227393443
14,326.25,0.0036399224999999983,3.639922499999998,0.35908137411808055,0.35838256798670437
14,326.25,0.003986067499999999,3.986067499999999,3.724542429876127,3.7266243122755873
14,326.25,0.004332212499999998,4.332212499999998,3.162048338871144,3.1609176227466014
14,326.25,0.004678357499999999,4.678357499999999,0.14910924960857608,0.14863718383672392
14,326.25,0.0050245025,5.0245025,3.0504338291858084,3.0517524944979404
14,326.25,0.005370647499999999,5.370647499999999,2.633784092321297,2.632147747354568
14,326.25,0.005716792499999998,5.716792499999998,0.308879948798497,0.30439722763248495
14,326.25,0.006062937499999997,6.062937499999997,2.208124182965815,2.203119931552246
14,326.25,0.006409082499999998,6.409082499999998,2.347422669340782,2.3437590252134624
14,326.25,0.006755227499999999,6.755227499999998,3.1270173003292263,3.1179982080799737
14,326.25,0.007101372499999998,7.101372499999998,nan,nan
14,326.25,0.007447517499999999,7.447517499999999,2.837526892917867,2.820443135798428
14,326.25,0.0077936624999999995,7.7936625,3.235861550596007,3.219299593753562
14,326.25,0.008139807499999999,8.139807499999998,nan,nan
14,326.25,0.008485952499999998,8.485952499999998,2.9479091786402694,2.922803580798322
14,326.25,0.008832097499999997,8.832097499999996,3.3056446742357233,3.2807409998469206
14,326.25,0.009178242499999998,9.178242499999998,nan,nan
14,326.25,0.009524387499999998,9.524387499999998,3.023892136008631,2.987528139507209
14,326.25,0.009870532499999998,9.870532499999998,3.353474136276064,3.3165763604900595
14,326.25,0.010216677499999998,10.216677499999998,3.1023540925374946,3.0483192152184113
14,326.25,0.0105628225,10.5628225,nan,nan
14,326.25,0.010908967499999998,10.908967499999997,3.4287689917344926,3.3727020832682677
14,326.25,0.011255112499999997,11.255112499999997,3.2392874818678763,3.157216775105566
14,326.25,0.011601257499999997,11.601257499999997,nan,nan
14,326.25,0.011947402499999997,11.947402499999997,3.6072518041673254,3.5161500071728184
14,326.25,0.012293547499999998,12.293547499999999,3.5581843784894276,3.420921264644858
14,326.25,0.012639692499999997,12.639692499999997,nan,nan
14,326.25,0.012985837499999998,12.985837499999999,4.24723999175981,4.062259808697488
14,326.25,0.013331982499999999,13.331982499999999,5.369491197792044,5.008310210542555
14,326.25,0.013678127499999998,13.678127499999999,3.169703437659623,3.0276093640564103
15,348.75,-0.0136673275,-13.667327499999999,12.991658469612299,12.991980416853107
15,348.75,-0.0133211825,-13.3211825,nan,nan
15,348.75,-0.012975037499999998,-12.975037499999997,21.774350980174756,21.77512582064225
15,348.75,-0.012628892499999999,-12.6288925,nan,nan
15,348.75,-0.0122827475,-12.2827475,nan,nan
15,348.75,-0.0119366025,-11.936602500000001,15.448097748707308,15.448555405672945
15,348.75,-0.011590457499999998,-11.590457499999998,nan,nan
15,348.75,-0.011244312499999999,-11.2443125,nan,nan
15,348.75,-0.0108981675,-10.8981675,12.047140543999436,12.04685502200971
15,348.75,-0.010552022500000001,-10.552022500000001,nan,nan
15,348.75,-0.010205877499999998,-10.205877499999998,nan,nan
15,348.75,-0.0098597325,-9.8597325,10.266267840901092,10.265607885845176
15,348.75,-0.0095135875,-9.5135875,nan,nan
15,348.75,-0.009167442500000001,-9.167442500000002,nan,nan
15,348.75,-0.008821297499999999,-8.821297499999998,9.227270275313264,9.226652775383078
15,348.75,-0.0084751525,-8.4751525,nan,nan
15,348.75,-0.0081290075,-8.1290075,nan,nan
15,348.75,-0.0077828625,-7.7828625,8.64048090398123,8.640150568441825
15,348.75,-0.0074367175,-7.4367175,nan,nan
15,348.75,-0.0070905725,-7.0905724999999995,nan,nan
15,348.75,-0.0067444275000000005,-6.7444275000000005,8.198539212683782,8.198569800579621
15,348.75,-0.0063982825,-6.3982825,6.152554698346954,6.152509468315265
15,348.75,-0.0060521375,-6.0521375,5.225204161798298,5.226172142382737
15,348.75,-0.0057059925,-5.7059925,2.861389121353422,2.86136243682072
15,348.75,-0.005359847500000001,-5.359847500000001,4.375009843698681,4.375010293483239
15,348.75,-0.005013702500000001,-5.013702500000001,5.869184665834035,5.87739210793293
15,348.75,-0.0046675575,-4.6675575,2.481002606304833,2.4809950172758577
15,348.75,-0.0043214125,-4.3214125,4.810545509830539,4.805079759740543
15,348.75,-0.003975267500000001,-3.9752675000000006,5.802706648313505,5.833948710940368
15,348.75,-0.003629122500000001,-3.6291225000000007,3.002606171741752,3.0041446897493707
15,348.75,-0.0032829775,-3.2829775,4.270160909823852,4.280697190472367
15,348.75,-0.0029368325,-2.9368325,5.751493632934539,5.688966867908071
15,348.75,-0.002590687500000001,-2.590687500000001,3.5028912065434925,3.5111936408715803
15,348.75,-0.002244542500000001,-2.244542500000001,1.76552985854189,1.7692464509814458
15,348.75,-0.0018983975000000002,-1.8983975000000002,5.4336204723403165,5.439148879656798
15,348.75,-0.0015522525000000002,-1.5522525000000003,2.8641924613509584,2.8700427974792295
15,348.75,-0.0012061075000000011,-1.2061075000000012,1.9335407264598063,1.9366444861533179
15,348.75,-0.0008599625000000012,-0.8599625000000012,4.5244859662758286,4.527883805342217
15,348.75,-0.0005138175000000004,-0.5138175000000004,2.0889210701830234,2.0922921104651255
15,348.75,-0.0001676725000000004,-0.1676725000000004,4.942701119483141,4.87679408217094
15,348.75,0.0001784724999999987,0.1784724999999987,1.2277262902196577,1.2291598245104767
15,348.75,0.0005246174999999987,0.5246174999999986,5.356832693887342,5.360958009674754
15,348.75,0.0008707624999999995,0.8707624999999994,4.688694381080721,4.7028403799616845
15,348.75,0.0012169074999999994,1.2169074999999994,1.1740811348707678,1.1750518502671452
15,348.75,0.0015630524999999985,1.5630524999999986,3.8705787887516006,3.8720299458625784
15,348.75,0.0019091974999999994,1.9091974999999994,4.796249165474274,4.805333652518425
15,348.75,0.0022553425,2.2553425000000002,0.5244678743056858,0.5247467230870578
15,348.75,0.0026014874999999993,2.6014874999999993,3.7466392770150083,3.745887492767821
15,348.75,0.0029476324999999984,2.9476324999999983,4.165259587693423,4.147089588445495
15,348.75,0.0032937774999999975,3.2937774999999974,3.32391941871316,3.298009832175218
15,348.75,0.0036399224999999983,3.639922499999998,0.3595800306730536,0.35868522600036906
15,348.75,0.003986067499999999,3.986067499999999,3.72573334772358,3.727470184672983
15,348.75,0.004332212499999998,4.332212499999998,3.1632530436374675,3.161691779633127
15,348.75,0.004678357499999999,4.678357499999999,0.148961794113252,0.1484071184607559
15,348.75,0.0050245025,5.0245025,3.051277624816481,3.052211733756572
15,348.75,0.005370647499999999,5.370647499999999,2.6345225991519188,2.6324726875815414
15,348.75,0.005716792499999998,5.716792499999998,0.30818881608619836,0.3037056316842639
15,348.75,0.006062937499999997,6.062937499999997,2.208540105536886,2.2033890097273474
15,348.75,0.006409082499999998,6.409082499999998,2.3475225858120368,2.3435880833908396
15,348.75,0.006755227499999999,6.755227499999998,3.1269028570150423,3.1176188974318615
15,348.75,0.007101372499999998,7.101372499999998,nan,nan
15,348.75,0.007447517499999999,7.447517499999999,2.836959760623329,2.8196972057781107
15,348.75,0.0077936624999999995,7.7936625,3.2351209452765874,3.218322553060933
15,348.75,0.008139807499999999,8.139807499999998,nan,nan
15,348.75,0.008485952499999998,8.485952499999998,2.9466361439384174,2.921174392243018
15,348.75,0.008832097499999997,8.832097499999996,3.304391639519574,3.2788267074253143
15,348.75,0.009178242499999998,9.178242499999998,nan,nan
15,348.75,0.009524387499999998,9.524387499999998,3.022295465430254,2.9846507849474557
15,348.75,0.009870532499999998,9.870532499999998,3.3523062646428983,3.313497911854895
15,348.75,0.010216677499999998,10.216677499999998,3.1013803313534,3.04389063645691
15,348.75,0.0105628225,10.5628225,nan,nan
15,348.75,0.010908967499999998,10.908967499999997,3.4286842984568704,3.368096916915213
15,348.75,0.011255112499999997,11.255112499999997,3.2400540180710253,3.1508290004073696
15,348.75,0.011601257499999997,11.601257499999997,nan,nan
15,348.75,0.011947402499999997,11.947402499999997,3.6092905801851103,3.509908657956729
15,348.75,0.012293547499999998,12.293547499999999,3.562667728279239,3.4129098243651543
15,348.75,0.012639692499999997,12.639692499999997,nan,nan
15,348.75,0.012985837499999998,12.985837499999999,4.255002278891811,4.0547634511103166
15,348.75,0.013331982499999999,13.331982499999999,5.390821630466345,5.000672265275049
15,348.75,0.013678127499999998,13.678127499999999,3.1830472610874767,3.0249155434907204
