signal,phase_rad,phase_deg,mean_value,scaled_value
Cd,0.06544984694978735,3.7499999999999996,3.360941493571429,-0.049478426846576815
Cd,0.19634954084936207,11.25,3.3604092229032263,-0.3539951674962175
Cd,0.32724923474893675,18.749999999999996,3.3600493431034475,-0.5598855728877653
Cd,0.4581489286485115,26.25,3.3611104299999996,0.047171592924430135
Cd,0.5890486225480862,33.75,3.3603367713793104,-0.395445322907678
Cd,0.7199483164476609,41.25,3.3603921376666666,-0.36376978191930626
Cd,0.8508480103472356,48.74999999999999,3.359420316857142,-0.919757032562294
Cd,0.9817477042468103,56.25,3.35839111775,-1.5085709129976301
Cd,1.1126473981463851,63.75000000000001,3.3611161725490195,0.05045695583284175
Cd,1.2435470920459597,71.25,3.3606971095918365,-0.18929265554299418
Cd,1.3744467859455343,78.74999999999999,3.360972576304348,-0.03169572138403389
Cd,1.5053464798451093,86.25,3.3606979836363635,-0.18879260696538516
Cd,1.6362461737446838,93.75,3.3620857537999997,0.605162935293378
Cd,1.7671458676442584,101.24999999999999,3.3602678894339624,-0.43485329095863207
Cd,1.8980455615438332,108.74999999999999,3.3601922408,-0.47813254120663573
Cd,2.028945255443408,116.25,3.3616251943478264,0.3416728133883168
Cd,2.1598449493429825,123.74999999999999,3.3629157655263158,1.0800199595441988
Cd,2.290744643242557,131.24999999999997,3.364798562631579,2.15718477821686
Cd,2.421644337142132,138.75,3.3627009933333336,0.9571468949623372
Cd,2.5525440310417067,146.25,3.363293793870968,1.2962933074170584
Cd,2.6834437249412817,153.75,3.3616627422580643,0.36315430377827657
Cd,2.8143434188408563,161.25,3.360604473548387,-0.24229055248357872
Cd,2.945243112740431,168.75,3.360367675925926,-0.37776455939987474
Cd,3.0761428066400054,176.24999999999997,3.3599119535483872,-0.6384873482730695
Cd,3.2070425005395804,183.75,3.358501875925926,-1.4452051843409437
Cd,3.337942194439155,191.25,3.3587416224,-1.308044113425954
Cd,3.4688418883387295,198.74999999999997,3.3581055951724132,-1.6719208961973766
Cd,3.5997415822383045,206.25,3.3582760628000003,-1.5743948639732404
Cd,3.730641276137879,213.75,3.3586124578125,-1.381940312376333
Cd,3.8615409700374537,221.24999999999997,3.359091632083333,-1.1078004886471653
Cd,3.9924406639370282,228.74999999999997,3.3592444299999995,-1.020383453779482
Cd,4.123340357836604,236.25,3.3592521418518517,-1.0159714353634741
Cd,4.254240051736177,243.74999999999994,3.3602279865517244,-0.45768208158627943
Cd,4.385139745635753,251.25,3.360374805217391,-0.3736858289159115
Cd,4.5160394395353265,258.74999999999994,3.362015195,0.5647956239166572
Cd,4.646939133434902,266.25,3.364292213043478,1.867497715958609
Cd,4.777838827334477,273.75,3.3641647422222225,1.7945705356056711
Cd,4.908738521234051,281.24999999999994,3.3643214992592596,1.8842526181326262
Cd,5.0396382151336265,288.75,3.3645774840000002,2.0307037445296374
Cd,5.1705379090332,296.24999999999994,3.3634358458620683,1.377562503554959
Cd,5.301437602932776,303.75,3.3601736077358497,-0.48879268143664345
Cd,5.43233729683235,311.25,3.3613383766666662,0.1775818900194105
Cd,5.563236990731925,318.74999999999994,3.3627394877142858,0.979169869589999
Cd,5.6941366846315,326.25,3.3626222007142856,0.912068943136144
Cd,5.825036378531074,333.74999999999994,3.3617619232258056,0.41989660959242614
Cd,5.955936072430649,341.25,3.3615185934482756,0.2806854991875969
Cd,6.086835766330223,348.74999999999994,3.3611490593333335,0.06927177499912483
Cd,6.2177354602297985,356.25,3.3598423851612904,-0.678288035698715
Cl,0.06544984694978735,3.7499999999999996,2.52642024,0.21198774018855712
Cl,0.19634954084936207,11.25,2.529804313870968,0.27454080770316425
Cl,0.32724923474893675,18.749999999999996,2.487593941379311,-0.5056987440807206
Cl,0.4581489286485115,26.25,2.5181828070967742,0.05972253671201295
Cl,0.5890486225480862,33.75,2.5045835624137935,-0.1916533206828838
Cl,0.7199483164476609,41.25,2.495491525666666,-0.3597154878145166
Cl,0.8508480103472356,48.74999999999999,2.5047219634285716,-0.1890950408250554
Cl,0.9817477042468103,56.25,2.47207320125,-0.7925925715218575
Cl,1.1126473981463851,63.75000000000001,2.5177652770588237,0.05200468371909702
Cl,1.2435470920459597,71.25,2.5166105614285716,0.030660290087797516
Cl,1.3744467859455343,78.74999999999999,2.506335907826087,-0.15926201214068192
Cl,1.5053464798451093,86.25,2.525528348,0.1955015219146625
Cl,1.6362461737446838,93.75,2.5461058392,0.5758670947107403
Cl,1.7671458676442584,101.24999999999999,2.486144880000001,-0.5324839851094211
Cl,1.8980455615438332,108.74999999999999,2.4574785106,-1.0623687952079024
Cl,2.028945255443408,116.25,2.517975722173913,0.055894666028654186
Cl,2.1598449493429825,123.74999999999999,2.53650400368421,0.3983815290331751
Cl,2.290744643242557,131.24999999999997,2.5974125700000004,1.5242486957212769
Cl,2.421644337142132,138.75,2.5786134793333333,1.1767560485383106
Cl,2.5525440310417067,146.25,2.6009233748387093,1.5891443275780288
Cl,2.6834437249412817,153.75,2.5685317870967737,0.9904005494620791
Cl,2.8143434188408563,161.25,2.536894266451613,0.4055953589224165
Cl,2.945243112740431,168.75,2.532691407037037,0.32790741275498025
Cl,3.0761428066400054,176.24999999999997,2.510643080645161,-0.07964588009933894
Cl,3.2070425005395804,183.75,2.4605773200000005,-1.0050887117924363
Cl,3.337942194439155,191.25,2.458535322,-1.042834116777407
Cl,3.4688418883387295,198.74999999999997,2.445477989655173,-1.2841929708892672
Cl,3.5997415822383045,206.25,2.4399503075999998,-1.3863696614641852
Cl,3.730641276137879,213.75,2.4266875309374996,-1.6315260604181219
Cl,3.8615409700374537,221.24999999999997,2.439748635,-1.3900974878192367
Cl,3.9924406639370282,228.74999999999997,2.421955926153846,-1.7189876244293356
Cl,4.123340357836604,236.25,2.421519737037037,-1.727050382014792
Cl,4.254240051736177,243.74999999999994,2.425988351724138,-1.644450070414897
Cl,4.385139745635753,251.25,2.447149869130435,-1.2532890386230162
Cl,4.5160394395353265,258.74999999999994,2.4600496480769234,-1.0148424874747526
Cl,4.646939133434902,266.25,2.5497432921739134,0.6431037597878393
Cl,4.777838827334477,273.75,2.5520128462962965,0.6850554362755916
Cl,4.908738521234051,281.24999999999994,2.5930795685185184,1.4441551325939053
Cl,5.0396382151336265,288.75,2.6143803539999997,1.837890471461161
Cl,5.1705379090332,296.24999999999994,2.6154121120689657,1.8569620504537083
Cl,5.301437602932776,303.75,2.4937085656603775,-0.3926726932130286
Cl,5.43233729683235,311.25,2.4883338366666665,-0.4920221159607609
Cl,5.563236990731925,318.74999999999994,2.5677841462857147,0.9765807488566411
Cl,5.6941366846315,326.25,2.575041074642857,1.1107217714174713
Cl,5.825036378531074,333.74999999999994,2.5692792338709682,1.0042167633842654
Cl,5.955936072430649,341.25,2.5845465634482756,1.2864264119413737
Cl,6.086835766330223,348.74999999999994,2.5593804896666668,0.8212429755383022
Cl,6.2177354602297985,356.25,2.5323161238709684,0.320970473988485
Cm,0.06544984694978735,3.7499999999999996,0.008193037330714288,0.36044963024342647
Cm,0.19634954084936207,11.25,0.008262359241290323,0.5006689942360764
Cm,0.32724923474893675,18.749999999999996,0.008283261856896552,0.5429492984246554
Cm,0.4581489286485115,26.25,0.008133249087096775,0.2395142805881405
Cm,0.5890486225480862,33.75,0.008139796364827586,0.2527576420545076
Cm,0.7199483164476609,41.25,0.008123635988666668,0.22006959799547338
Cm,0.8508480103472356,48.74999999999999,0.008324159852857144,0.6256748167278194
Cm,0.9817477042468103,56.25,0.008316151933499999,0.6094769746626949
Cm,1.1126473981463851,63.75000000000001,0.0076192840837254906,-0.8000970816543117
Cm,1.2435470920459597,71.25,0.007747170529183674,-0.5414175978313961
Cm,1.3744467859455343,78.74999999999999,0.007860897431739133,-0.31137901677282226
Cm,1.5053464798451093,86.25,0.008296357249090908,0.5694377138400513
Cm,1.6362461737446838,93.75,0.0079552224768,-0.12058511456919223
Cm,1.7671458676442584,101.24999999999999,0.008083034752264151,0.1379443435359658
Cm,1.8980455615438332,108.74999999999999,0.008159728589000001,0.2930751083965445
Cm,2.028945255443408,116.25,0.008104638988913043,0.18164383619682534
Cm,2.1598449493429825,123.74999999999999,0.007411084340789473,-1.2212285146361057
Cm,2.290744643242557,131.24999999999997,0.007192340590789475,-1.6636876050953109
Cm,2.421644337142132,138.75,0.007885933943,-0.26073696642507377
Cm,2.5525440310417067,146.25,0.008085251132580644,0.14242747788356266
Cm,2.6834437249412817,153.75,0.008417069432580646,0.8136056176737122
Cm,2.8143434188408563,161.25,0.008663971200322581,1.3130207167925092
Cm,2.945243112740431,168.75,0.008751455776296296,1.4899782111873874
Cm,3.0761428066400054,176.24999999999997,0.0088904640783871,1.7711541849437837
Cm,3.2070425005395804,183.75,0.008756664727777778,1.5005145027831133
Cm,3.337942194439155,191.25,0.0086930785208,1.3718969065997317
Cm,3.4688418883387295,198.74999999999997,0.008644004013103447,1.2726325297197056
Cm,3.5997415822383045,206.25,0.0084079158868,0.795090485055837
Cm,3.730641276137879,213.75,0.00824119831625,0.45786620034314524
Cm,3.8615409700374537,221.24999999999997,0.008352676269583333,0.6833557690193728
Cm,3.9924406639370282,228.74999999999997,0.008040696806923077,0.05230619941745505
Cm,4.123340357836604,236.25,0.008014527122222222,-0.0006279524856021358
Cm,4.254240051736177,243.74999999999994,0.0075625095282758625,-0.9149365601101228
Cm,4.385139745635753,251.25,0.0073317943699999985,-1.381610552331117
Cm,4.5160394395353265,258.74999999999994,0.007047067594999999,-1.9575353497065102
Cm,4.646939133434902,266.25,0.006910823634347826,-2.2331198128544654
Cm,4.777838827334477,273.75,0.006887580704444445,-2.2801339361135615
Cm,4.908738521234051,281.24999999999994,0.007113821466296296,-1.8225104304647455
Cm,5.0396382151336265,288.75,0.0073658500668,-1.3127251435773442
Cm,5.1705379090332,296.24999999999994,0.007771674531724138,-0.49185266774007264
Cm,5.301437602932776,303.75,0.008414945526226415,0.8093095329914592
Cm,5.43233729683235,311.25,0.007707417157000001,-0.621827853663045
Cm,5.563236990731925,318.74999999999994,0.007757272587142858,-0.5209838831474942
Cm,5.6941366846315,326.25,0.0076877628675000005,-0.6615831337832411
Cm,5.825036378531074,333.74999999999994,0.007996187901935485,-0.03772320539134693
Cm,5.955936072430649,341.25,0.00814890411724138,0.2711801471506987
Cm,6.086835766330223,348.74999999999994,0.008374515767666667,0.7275311315521888
Cm,6.2177354602297985,356.25,0.008583757649677419,1.150770528337012
Cl_p,0.06544984694978735,3.7499999999999996,2.5240037053693554,0.19279079736569468
Cl_p,0.19634954084936207,11.25,2.5268517077134542,0.24937978771246333
Cl_p,0.32724923474893675,18.749999999999996,2.4879903029767627,-0.5227851868224587
Cl_p,0.4581489286485115,26.25,2.516710787823929,0.047882615870326745
Cl_p,0.5890486225480862,33.75,2.5042333178347795,-0.20004113680182345
Cl_p,0.7199483164476609,41.25,2.4959217552482325,-0.36518950332309313
Cl_p,0.8508480103472356,48.74999999999999,2.50351309615688,-0.21435173512792127
Cl_p,0.9817477042468103,56.25,2.4735975915678154,-0.8087642376025052
Cl_p,1.1126473981463851,63.75000000000001,2.5186817134330917,0.08704434286195091
Cl_p,1.2435470920459597,71.25,2.5170019249945925,0.053667428012213234
Cl_p,1.3744467859455343,78.74999999999999,2.5070398824564792,-0.1442755021231769
Cl_p,1.5053464798451093,86.25,2.522688650162644,0.16666102729993593
Cl_p,1.6362461737446838,93.75,2.543128550791567,0.572795994771317
Cl_p,1.7671458676442584,101.24999999999999,2.4875706527972574,-0.5311235156185182
Cl_p,1.8980455615438332,108.74999999999999,2.460931269326492,-1.0604404304007573
Cl_p,2.028945255443408,116.25,2.516700107602851,0.04767040293842811
Cl_p,2.1598449493429825,123.74999999999999,2.5368412345122717,0.4478688222311244
Cl_p,2.290744643242557,131.24999999999997,2.593711171690258,1.577858175173409
Cl_p,2.421644337142132,138.75,2.5733638029105332,1.1735617890261913
Cl_p,2.5525440310417067,146.25,2.592880077584977,1.5613445734910105
Cl_p,2.6834437249412817,153.75,2.561688108899023,0.9415690952427042
Cl_p,2.8143434188408563,161.25,2.531523979653181,0.3422164920931772
Cl_p,2.945243112740431,168.75,2.5272891705278933,0.2580720484595985
Cl_p,3.0761428066400054,176.24999999999997,2.506439800802372,-0.1561989526083631
Cl_p,3.2070425005395804,183.75,2.461091209875939,-1.0572624575218181
Cl_p,3.337942194439155,191.25,2.459495476371388,-1.0889692249239415
Cl_p,3.4688418883387295,198.74999999999997,2.447729914181327,-1.3227475736592347
Cl_p,3.5997415822383045,206.25,2.443688780327408,-1.4030437451575697
Cl_p,3.730641276137879,213.75,2.4322649437882315,-1.630032103147513
Cl_p,3.8615409700374537,221.24999999999997,2.443726898648549,-1.4022863450411092
Cl_p,3.9924406639370282,228.74999999999997,2.428858632343494,-1.6977145353139556
Cl_p,4.123340357836604,236.25,2.428553118673841,-1.703785004370494
Cl_p,4.254240051736177,243.74999999999994,2.4346647363997675,-1.5823489117309602
Cl_p,4.385139745635753,251.25,2.455154603785083,-1.1752211191304016
Cl_p,4.5160394395353265,258.74999999999994,2.4682410582218774,-0.915197020016994
Cl_p,4.646939133434902,266.25,2.551145903969018,0.7320985046535416
Cl_p,4.777838827334477,273.75,2.5533339667833532,0.7755746856809576
Cl_p,4.908738521234051,281.24999999999994,2.590024795391729,1.5046109346280327
Cl_p,5.0396382151336265,288.75,2.608414997396435,1.8700189778748195
Cl_p,5.1705379090332,296.24999999999994,2.60754128359092,1.852658534963466
Cl_p,5.301437602932776,303.75,2.4929587425627506,-0.42406371619145966
Cl_p,5.43233729683235,311.25,2.4913381071089304,-0.4562652781887266
Cl_p,5.563236990731925,318.74999999999994,2.563979447271078,0.9870973320034941
Cl_p,5.6941366846315,326.25,2.5709505692012584,1.125611526849754
Cl_p,5.825036378531074,333.74999999999994,2.5642974844520174,0.9934166396400823
Cl_p,5.955936072430649,341.25,2.5775738977143337,1.2572151661748765
Cl_p,6.086835766330223,348.74999999999994,2.5534306675733354,0.7774961026636937
Cl_p,6.2177354602297985,356.25,2.5276844147129345,0.26592543714035505
Cl_v,0.06544984694978735,3.7499999999999996,0.0024165339640778395,0.40425862432391857
Cl_v,0.19634954084936207,11.25,0.0029526056255034746,0.5269975984371621
Cl_v,0.32724923474893675,18.749999999999996,-0.0003963627414773663,-0.23978223955648362
Cl_v,0.4581489286485115,26.25,0.0014720196785694402,0.18800262203813833
Cl_v,0.5890486225480862,33.75,0.00035024452141842156,-0.06883903157264222
Cl_v,0.7199483164476609,41.25,-0.0004302301193336066,-0.24753651480193445
Cl_v,0.8508480103472356,48.74999999999999,0.0012088667360557626,0.12775112112291837
Cl_v,0.9817477042468103,56.25,-0.0015243889422765684,-0.4980551321969019
Cl_v,1.1126473981463851,63.75000000000001,-0.0009164383987616239,-0.3588587683671671
Cl_v,1.2435470920459597,71.25,-0.00039136367634567173,-0.23863765354319255
Cl_v,1.3744467859455343,78.74999999999999,-0.0007039743543769516,-0.31021299818343046
Cl_v,1.5053464798451093,86.25,0.002839697790636538,0.5011462191942067
Cl_v,1.6362461737446838,93.75,0.00297728847864954,0.5326489847933801
Cl_v,1.7671458676442584,101.24999999999999,-0.0014257721262000166,-0.4754758247898278
Cl_v,1.8980455615438332,108.74999999999999,-0.003452757706735277,-0.9395744679369025
Cl_v,2.028945255443408,116.25,0.0012756139881352775,0.14303357277001813
Cl_v,2.1598449493429825,123.74999999999999,-0.0003372319141596077,-0.22624364461537452
Cl_v,2.290744643242557,131.24999999999997,0.0037013982372583964,0.6984411639223426
Cl_v,2.421644337142132,138.75,0.00524967679632902,1.05293504161862
Cl_v,2.5525440310417067,146.25,0.008043298046889944,1.692562597089336
Cl_v,2.6834437249412817,153.75,0.006843678906303019,1.417897784085272
Cl_v,2.8143434188408563,161.25,0.0053702855135234215,1.0805496149728369
Cl_v,2.945243112740431,168.75,0.005402235829872192,1.0878649597922454
Cl_v,3.0761428066400054,176.24999999999997,0.004203279986901917,0.8133520154185484
Cl_v,3.2070425005395804,183.75,-0.0005138891789665029,-0.26669109411193365
Cl_v,3.337942194439155,191.25,-0.0009601531175209527,-0.36886769090543353
Cl_v,3.4688418883387295,198.74999999999997,-0.0022519229792185855,-0.6646313341346297
Cl_v,3.5997415822383045,206.25,-0.0037384759746251794,-1.00499252602443
Cl_v,3.730641276137879,213.75,-0.005577412950737558,-1.4260355584180653
Cl_v,3.8615409700374537,221.24999999999997,-0.003978262093615397,-1.0598939587418135
Cl_v,3.9924406639370282,228.74999999999997,-0.006902704591824537,-1.7294743486635333
Cl_v,4.123340357836604,236.25,-0.007033380823202336,-1.7593939801875003
Cl_v,4.254240051736177,243.74999999999994,-0.008676385135826855,-2.1355762675683887
Cl_v,4.385139745635753,251.25,-0.008004735797591072,-1.981795426925435
Cl_v,4.5160394395353265,258.74999999999994,-0.008191411642141938,-2.0245367305618984
Cl_v,4.646939133434902,266.25,-0.001402609918974465,-0.47017260554204643
Cl_v,4.777838827334477,273.75,-0.0013211207363396057,-0.45151484129588165
Cl_v,4.908738521234051,281.24999999999994,0.003054771133559892,0.5503894144030627
Cl_v,5.0396382151336265,288.75,0.005965356458926254,1.2167970658623366
Cl_v,5.1705379090332,296.24999999999994,0.007870829983758992,1.6530743072593994
Cl_v,5.301437602932776,303.75,0.0007498224965602466,0.02264834647067222
Cl_v,5.43233729683235,311.25,-0.0030042699231776567,-0.8368886995644571
Cl_v,5.563236990731925,318.74999999999994,0.003804698169417439,0.7220927176445634
Cl_v,5.6941366846315,326.25,0.004090505030941467,0.7875310601316365
Cl_v,5.825036378531074,333.74999999999994,0.00498174982965296,0.9915904800731768
Cl_v,5.955936072430649,341.25,0.0069726643550374785,1.4474302939946773
Cl_v,6.086835766330223,348.74999999999994,0.005949822072724142,1.2132403126087594
Cl_v,6.2177354602297985,356.25,0.004631710278473064,0.9114454201820739
