x_m,x_mm,mean_min,mean_max,rms_min,rms_max,sym_mean,anti_mean,A1_min,A1_max,A2_min,A2_max,phase1_min,phase1_max,phase2_min,phase2_max,coh_min,coh_max,lag_min,lag_max,corr_min,corr_max,fin_pair_corr,active_min,active_max,valid_min,valid_max
-0.0136673275,-13.667327499999999,12.98973540283969,12.990045636627269,0.09658678102427569,0.09658382554720632,12.989890519733486,0.00015511689376369693,0.03433712095945741,0.03432395499018446,0.023172781672125636,0.023171855309051314,-1.3069920095269452,-1.306824841207149,2.3770810314853663,2.376772313085745,0.5968179525710746,0.5970486835182658,-0.0799999999999983,-0.0799999999999983,-0.41022985838130477,-0.41017731368021637,0.9999999002735782,1.0,1.0,1.0,1.0
-0.0133211825,-13.3211825,nan,nan,nan,nan,nan,nan,nan,nan,nan,nan,nan,nan,nan,nan,nan,nan,nan,nan,nan,nan,nan,0.0,0.0,0.0,0.0
-0.012975037499999998,-12.975037499999997,21.771079351052034,21.771827201230234,0.161888425103054,0.16188201468854477,21.77145327614111,0.00037392508907381977,0.05756852063331713,0.05753930347951056,0.038815673633323465,0.038813975628065635,-1.3071128050995235,-1.3068731972095102,2.37640963114878,2.3759966679597384,0.5968273841578692,0.5971394036176083,-0.0799999999999983,-0.0799999999999983,-0.41025776898615046,-0.4101915173186882,0.999999830106148,1.0,1.0,1.0,1.0
-0.012628892499999999,-12.6288925,nan,nan,nan,nan,nan,nan,nan,nan,nan,nan,nan,nan,nan,nan,nan,nan,nan,nan,nan,nan,nan,0.0,0.0,0.0,0.0
-0.0122827475,-12.2827475,nan,nan,nan,nan,nan,nan,nan,nan,nan,nan,nan,nan,nan,nan,nan,nan,nan,nan,nan,nan,nan,0.0,0.0,0.0,0.0
-0.0119366025,-11.936602500000001,15.44576130587123,15.446189369499397,0.11481957244270076,0.11480897489938394,15.445975337685283,0.00021403181406168237,0.04085881325475981,0.04082495744817314,0.027503505066523652,0.02750153976212403,-1.3076021485282292,-1.3072177660967932,2.376202520818153,2.3755215460369237,0.5967585412049924,0.5972700924203184,-0.0799999999999983,-0.0799999999999983,-0.40955246075330576,-0.4094523249572159,0.9999995746764844,1.0,1.0,1.0,1.0
-0.011590457499999998,-11.590457499999998,nan,nan,nan,nan,nan,nan,nan,nan,nan,nan,nan,nan,nan,nan,nan,nan,nan,nan,nan,nan,nan,0.0,0.0,0.0,0.0
-0.011244312499999999,-11.2443125,nan,nan,nan,nan,nan,nan,nan,nan,nan,nan,nan,nan,nan,nan,nan,nan,nan,nan,nan,nan,nan,0.0,0.0,0.0,0.0
-0.0108981675,-10.8981675,12.045401084696106,12.04508248682312,0.08947060243828237,0.08945335935129609,12.045241785759618,-0.00015929893649558295,0.031855631153653204,0.031817431347026914,0.02143480445148019,0.021430775668027747,-1.308288125445081,-1.3077421582881283,2.378200327564398,2.3772866509308828,0.5964733082053031,0.5971783596736222,-0.0799999999999983,-0.0799999999999983,-0.40792192231774577,-0.4077919658778293,0.999999226732098,1.0,1.0,1.0,1.0
-0.010552022500000001,-10.552022500000001,nan,nan,nan,nan,nan,nan,nan,nan,nan,nan,nan,nan,nan,nan,nan,nan,nan,nan,nan,nan,nan,0.0,0.0,0.0,0.0
-0.010205877499999998,-10.205877499999998,nan,nan,nan,nan,nan,nan,nan,nan,nan,nan,nan,nan,nan,nan,nan,nan,nan,nan,nan,nan,nan,0.0,0.0,0.0,0.0
-0.0098597325,-9.8597325,10.264859128884947,10.264161053655464,0.07620706636791723,0.07618475330007855,10.264510091270207,-0.0003490376147394499,0.02713799423736203,0.027093611011170797,0.018271382356151205,0.01826555796582416,-1.3086848846108414,-1.3079222789573817,2.3801633874115256,2.378939998933062,0.5961408134562831,0.5970623731044155,-0.0799999999999983,-0.0799999999999983,-0.40693132870522475,-0.4067631455958086,0.9999986487049586,1.0,1.0,1.0,1.0
-0.0095135875,-9.5135875,nan,nan,nan,nan,nan,nan,nan,nan,nan,nan,nan,nan,nan,nan,nan,nan,nan,nan,nan,nan,nan,0.0,0.0,0.0,0.0
-0.009167442500000001,-9.167442500000002,nan,nan,nan,nan,nan,nan,nan,nan,nan,nan,nan,nan,nan,nan,nan,nan,nan,nan,nan,nan,nan,0.0,0.0,0.0,0.0
-0.008821297499999999,-8.821297499999998,9.226005806555195,9.225342143164726,0.06850641431328633,0.06848150111115038,9.22567397485996,-0.0003318316952315,0.02439909871869769,0.024346808127644504,0.01642694420744755,0.016420021792264636,-1.3087508944256212,-1.3076981099774352,2.3798637845765676,2.378222679383682,0.5959926409882581,0.5971585055034574,-0.0799999999999983,-0.0799999999999983,-0.40724367472064393,-0.4070562056387119,0.9999976761250234,1.0,1.0,1.0,1.0
-0.0084751525,-8.4751525,nan,nan,nan,nan,nan,nan,nan,nan,nan,nan,nan,nan,nan,nan,nan,nan,nan,nan,nan,nan,nan,0.0,0.0,0.0,0.0
-0.0081290075,-8.1290075,nan,nan,nan,nan,nan,nan,nan,nan,nan,nan,nan,nan,nan,nan,nan,nan,nan,nan,nan,nan,nan,0.0,0.0,0.0,0.0
-0.0077828625,-7.7828625,8.63926317526408,8.63887293635331,0.06417517792428364,0.06414871439285398,8.639068055808696,-0.00019511945537187416,0.02286511063675768,0.0228012142747744,0.015378359574321317,0.015370180856231026,-1.3087874914660784,-1.3073628814546274,2.3787408174015305,2.376472736019349,0.595932601392578,0.5974299996574091,-0.0799999999999983,-0.0799999999999983,-0.40791408949637287,-0.4077230575796812,0.9999959552587824,1.0,1.0,1.0,1.0
-0.0074367175,-7.4367175,nan,nan,nan,nan,nan,nan,nan,nan,nan,nan,nan,nan,nan,nan,nan,nan,nan,nan,nan,nan,nan,0.0,0.0,0.0,0.0
-0.0070905725,-7.0905724999999995,nan,nan,nan,nan,nan,nan,nan,nan,nan,nan,nan,nan,nan,nan,nan,nan,nan,nan,nan,nan,nan,0.0,0.0,0.0,0.0
-0.0067444275000000005,-6.7444275000000005,8.19748416091335,8.197431534782533,0.06088874545738249,0.06085842609796303,8.197457847847947,-2.631306540328543e-05,0.02167912867728644,0.021592558595661827,0.014628549447642447,0.014616423440164967,-1.3091074996599414,-1.3071735694894737,2.3839292102838967,2.3804924353688133,0.5952465666443719,0.597161596652779,-0.0799999999999983,-0.0799999999999983,-0.40769301199190006,-0.4074654310942484,0.9999917319533216,1.0,1.0,1.0,1.0
-0.0063982825,-6.3982825,6.1518679689874745,6.151736523044136,0.04571403116287599,0.04568696408452554,6.151802246015805,-6.5722971663824e-05,0.016247495259140342,0.016157050977615037,0.011030948620531765,0.011014400508540892,-1.3100748426131423,-1.3078809782003233,2.391101262538887,2.3859368339387763,0.5939339985646094,0.5958045702321692,-0.0799999999999983,-0.0799999999999983,-0.40821092684752497,-0.40802838877959374,0.9999849433001757,1.0,1.0,1.0,1.0
-0.0060521375,-6.0521375,5.224585517916184,5.2254770105917485,0.038827954221202554,0.03880786266858565,5.225031264253964,0.00044574633778353,0.013817268276606322,0.013739055711835237,0.009356372865671592,0.009345848053546343,-1.30957112781175,-1.3069918181753317,2.387386415158215,2.3822577468831487,0.5941913299571373,0.5967665794128107,-0.0799999999999983,-0.0799999999999983,-0.40858305874723777,-0.4082302568904244,0.9999823115813846,1.0,1.0,1.0,1.0
-0.0057059925,-5.7059925,2.8610399713047276,2.860960064442792,0.021301961705251792,0.021285784350603403,2.8610000178737547,-3.99534309675587e-05,0.0075771669731400215,0.007519399737235549,0.005138927719067473,0.005129505283614528,-1.3106894646507683,-1.3079818933156255,2.386569003150098,2.3793744518567634,0.5928866210444155,0.5953741369777904,-0.0799999999999983,-0.0799999999999983,-0.4116089383318136,-0.41137349895637226,0.9999708534367338,0.0,0.0,1.0,1.0
-0.005359847500000001,-5.359847500000001,4.3744815619885875,4.37439039687492,0.03265665453194342,0.032628494628774964,4.374435979431753,-4.558255683529577e-05,0.011591474117651858,0.011488713504261757,0.00791665270030362,0.00790152156455787,-1.3089625999032748,-1.30594691948819,2.3864850823793695,2.3782207209895203,0.5923614571182646,0.5952880303055271,-0.0799999999999983,-0.0799999999999983,-0.4167107940564455,-0.4164244911195563,0.9999599887253059,1.0,1.0,1.0,1.0
-0.005013702500000001,-5.013702500000001,5.8685042338012785,5.876595543271584,0.04370772709649187,0.04373769633796148,5.87254988853643,0.0040456547351494405,0.015537186333757445,0.015432940073757161,0.010573884964930572,0.010579671754632302,-1.3085301057813499,-1.304757472668186,2.3872857454650975,2.3804467044275825,0.593421816774731,0.5970490414027799,-0.0799999999999983,-0.0799999999999983,-0.41276403207335877,-0.41272480315942844,0.9999655181376498,1.0,1.0,1.0,1.0
-0.0046675575,-4.6675575,2.4807708153218004,2.480695917363473,0.018547896029268398,0.018527282062682185,2.480733366342633,-3.74489791664654e-05,0.006568071130429903,0.006488645914727469,0.004533634592517247,0.004523026916273588,-1.3095683044287476,-1.3059156880306482,2.3949360044284345,2.383808116732059,0.5899378341624661,0.5936798561955012,-0.0799999999999983,-0.0799999999999983,-0.419098361840065,-0.41872873493431556,0.9999244640052355,0.0,0.0,1.0,1.0
-0.0043214125,-4.3214125,4.81009531598081,4.804513666920449,0.03609860012368276,0.03598970561178641,4.807304491450616,-0.002790824530178168,0.012736904525444138,0.012550622276873338,0.008879675417882668,0.008842907139320226,-1.3065376536164781,-1.3029870791991323,2.3937394477022482,2.383757660531256,0.5897987695523764,0.5938374562212433,-0.0799999999999983,-0.0799999999999983,-0.4262095082674967,-0.42447699854125115,0.999909233924562,1.0,1.0,1.0,1.0
-0.003975267500000001,-3.9752675000000006,5.802076871791275,5.833141253259586,0.04329620337602384,0.04348711755525333,5.817609062525414,0.015532190734160338,0.015366491670378676,0.01530226473010917,0.010524335246184947,0.010553672995331505,-1.3075280598634866,-1.3028641427359016,2.388787833791688,2.3784601945286075,0.5926428623313216,0.5974190699925295,-0.0799999999999983,-0.0799999999999983,-0.41646487601128457,-0.416251150302606,0.9999454548011452,1.0,1.0,1.0,1.0
-0.003629122500000001,-3.6291225000000007,3.002314699917275,3.003747133847888,0.022618309502474458,0.022596720864199036,3.0030309168825826,0.0007162169653070227,0.007969490062429432,0.007841797309603339,0.005584497233928171,0.005572251953737767,-1.30668728722612,-1.3022600218017832,2.39029373885461,2.3752051364387996,0.5877969974529861,0.5925336416576843,-0.0799999999999983,-0.0799999999999983,-0.432874434630757,-0.4323771345331294,0.9998564119749682,0.0,0.0,1.0,1.0
-0.0032829775,-3.2829775,4.269787493856198,4.280168216237023,0.032203247885946404,0.032232209591299625,4.2749778550466075,0.005190361190406992,0.011321373080306217,0.011161138845933916,0.007986503852996596,0.007982726776460322,-1.305012769851496,-1.3005820477288015,2.3933906104981917,2.3778782277288886,0.5878929280164612,0.592784615793623,-0.0799999999999983,-0.0799999999999983,-0.4348473703134307,-0.4342877341393312,0.9998537705526802,1.0,1.0,1.0,1.0
-0.0029368325,-2.9368325,5.75083710748336,5.688143288547259,0.042995657669337245,0.04254047632881128,5.719490198015317,-0.03134690946804139,0.015262243192714605,0.014906411184184346,0.010459078947057141,0.010375549655441242,-1.307381880757604,-1.300115905686738,2.385490641351069,2.3748721126804413,0.5919627807338184,0.5975436838123226,-0.0799999999999983,-0.0799999999999983,-0.4199887202371362,-0.4225365747667278,0.9999063702935345,1.0,1.0,1.0,1.0
-0.002590687500000001,-2.590687500000001,3.5025608897981804,3.5106977385477403,0.026593420852480388,0.02661031185834496,3.5066293141729594,0.004068424374776538,0.009327408285823967,0.009139200346837895,0.006632885668999715,0.006629927656822363,-1.3053438378805615,-1.300153217223359,2.3874890913429625,2.3661097695301594,0.5843046132805334,0.5900254083630265,-0.0799999999999983,-0.0799999999999983,-0.4459363405209178,-0.44571480896514176,0.9997284977729959,0.0,0.0,1.0,1.0
-0.002244542500000001,-2.244542500000001,1.765349840319673,1.7689622794809237,0.01346777815792229,0.013472694803158913,1.7671560599003031,0.0018062195806267597,0.004721911199701764,0.004600033805683705,0.0033679923062718575,0.0033645604903287203,-1.3075529501695289,-1.3018873508726008,2.3817945293800986,2.354413579014949,0.5807200877817467,0.586697724757179,-0.0799999999999983,-0.0799999999999983,-0.4534712935623328,-0.45367465516146666,0.999578330891034,0.0,0.0,1.0,1.0
-0.0018983975000000002,-1.8983975000000002,5.43300781261651,5.438289310498661,0.04080516159421693,0.040756721431743186,5.4356485615575725,0.002640748941077726,0.014465635759984736,0.014218959920892105,0.009982757871004836,0.00995579802565629,-1.3070369037982157,-1.299266612052702,2.383894565543435,2.3681715174805844,0.5895452333518714,0.5972331465744144,-0.0799999999999983,-0.0799999999999983,-0.4281114175706366,-0.4266451375546339,0.9998198787473777,1.0,1.0,1.0,1.0
-0.0015522525000000002,-1.5522525000000003,2.8639121706544635,2.869569363609297,0.02195862842081527,0.021963120863083996,2.8667407671318785,0.0028285964774189478,0.007677801706212968,0.007436113370727951,0.0055249299612421775,0.0055227966300268215,-1.3060861634289989,-1.2997478360267634,2.3826375743512553,2.350451131588604,0.578471398965894,0.5852782720381883,-0.0799999999999983,-0.0799999999999983,-0.46124316428679457,-0.46186038547931096,0.9993896479858232,0.0,0.0,1.0,1.0
-0.0012061075000000011,-1.2061075000000012,1.9333469132458974,1.936313138653226,0.01481019161833699,0.01480899385253999,1.9348300259495599,0.0014831127036647905,0.0051937008572979825,0.005018070812888899,0.003714787499050507,0.0037107027580957066,-1.309901650359424,-1.3037916350937995,2.3811875874471053,2.346296450162501,0.5767370108461982,0.5832769138518648,-0.0799999999999983,-0.0799999999999983,-0.45920231778493453,-0.4603307344017139,0.9993207926717051,0.0,0.0,1.0,1.0
-0.0008599625000000012,-0.8599625000000012,4.523956870573703,4.527093634092711,0.034001465505799904,0.03393840611685688,4.525525252333203,0.0015683817595061357,0.0120843676213263,0.01182984886327565,0.008301981293105491,0.008266622366057057,-1.308993120725558,-1.298941997462288,2.3812107974865944,2.3618530323700564,0.5882298390925034,0.5977166552648434,-0.0799999999999983,-0.0799999999999983,-0.4289605075758741,-0.42730575255613984,0.9997370532876738,1.0,1.0,1.0,1.0
-0.0005138175000000004,-0.5138175000000004,2.088617653095912,2.0917877781649774,0.0158960165160568,0.01591595454425979,2.0902027156304395,0.0015850625345335317,0.0056983482850143955,0.005448863993110125,0.0038579279282722266,0.003857553177504346,-1.3302058734006705,-1.3244981778932763,2.3649605860616076,2.313027323165429,0.5680380343288219,0.5755823382630887,0.0749999999999984,0.0749999999999984,-0.44424505362555455,-0.4493479394327018,0.998829363944728,0.0,0.0,1.0,1.0
-0.0001676725000000004,-0.1676725000000004,4.942079440770819,4.875902041930435,0.0373083608633391,0.03667217975793393,4.908990741350624,-0.03308869942019164,0.013261633959218061,0.012705486812686918,0.009126770396403033,0.008964794677844242,-1.3106194241625804,-1.2986786810365627,2.3753363830000223,2.3560576549324317,0.5851603175925219,0.5961602666808344,-0.0799999999999983,-0.0799999999999983,-0.43617150270322935,-0.433183453506587,0.9995743483174508,1.0,1.0,1.0,1.0
0.0001784724999999987,0.1784724999999987,1.2275625378315187,1.228805083710877,0.009371113797840346,0.009408025430297461,1.2281838107711953,0.0006212729396790709,0.003409962111510288,0.003177874013804817,0.0022433817089739954,0.00224465370339229,-1.3590097082315769,-1.357626979857751,2.363431287611636,2.27333771594034,0.5464646087276668,0.5470561007303619,-0.0749999999999984,-0.0749999999999984,-0.44469964487330366,-0.45505170807975304,0.9969951434658226,0.0,0.0,1.0,1.0
0.0005246174999999987,0.5246174999999986,5.356198823475629,5.359898228891826,0.0406772730394774,0.04059714846824522,5.358048526183729,0.001849702708103148,0.014411061150129629,0.013940909052296961,0.010037869730855683,0.009993754907969846,-1.3114383724097993,-1.3004416800826146,2.3752210804761362,2.34329332566744,0.5809351145893368,0.5920520670168044,-0.0799999999999983,-0.0799999999999983,-0.44579912038906966,-0.44548549809286453,0.999400090603727,1.0,1.0,1.0,1.0
0.0008707624999999995,0.8707624999999994,4.688087297054083,4.7017579914282095,0.03554041239765778,0.035576675381455904,4.694922644241149,0.006835347187067265,0.01265596480889216,0.012257575755869565,0.008703730947811147,0.008678946506212811,-1.314818844259281,-1.3009775849112668,2.370066633317098,2.3321827705504727,0.5805770388802537,0.5926996173250861,-0.0799999999999983,-0.0799999999999983,-0.4423946982940295,-0.4433712868906285,0.9993010049966197,1.0,1.0,1.0,1.0
0.0012169074999999994,1.2169074999999994,1.1738820408444408,1.1745819254448304,0.009231735087471186,0.00931778785167861,1.1742319831446373,0.00034994230019520827,0.0033594142216668483,0.003011751932409029,0.002223684131746433,0.002247657036579803,-1.3813503900726707,-1.3905941603446161,2.336269316138624,2.195556940080791,0.5171490864032962,0.495979784404204,-0.0749999999999984,0.0799999999999983,-0.48312646323418057,-0.5003267202127898,0.9926567902234001,0.0,0.0,1.0,1.0
0.0015630524999999985,1.5630524999999986,3.8700625985059536,3.8710671353844064,0.029591604882801534,0.029549518880241505,3.870564866945184,0.0005022684392231467,0.01055520863920888,0.01003039620748878,0.007273889927179384,0.007240393881433035,-1.3247248850452824,-1.3144368343113884,2.363613488212892,2.30963297962023,0.5690736089770766,0.5788655541965455,0.0749999999999984,0.0749999999999984,-0.4538280985327581,-0.45670564547686937,0.9985920443943642,1.0,1.0,1.0,1.0
0.0019091974999999994,1.9091974999999994,4.795553368764471,4.804036847081275,0.03654918357450412,0.036542760291521766,4.7997951079228836,0.004241739158395665,0.013052639373983882,0.012504917080085833,0.008936257661089925,0.008896906815749957,-1.3201481172353415,-1.3041973642936702,2.359851974767917,2.311103499907556,0.5753413720788875,0.5880817154271418,0.0749999999999984,0.0749999999999984,-0.4499228752602113,-0.4520963707043466,0.9988673141782878,1.0,1.0,1.0,1.0
0.0022553425,2.2553425000000002,0.524344622314821,0.5244152292336086,0.0043154474333533385,0.004411664497928435,0.5243799257742153,3.530345939353594e-05,0.001593402381610341,0.0013199921592365793,0.0010034994674357446,0.0010478758546473095,-1.4314174095456504,-1.4698982654477346,2.2984099117634447,2.0474648881615325,0.4942006551213021,0.5199081533899265,-0.06999999999999851,0.004999999999999893,-0.524638716248433,0.5542011613741,0.9782396304888094,0.0,0.0,1.0,1.0
0.0026014874999999993,2.6014874999999993,3.746039070682252,3.7447422192340096,0.02885916702271474,0.028803690716198652,3.7453906449581265,-0.0006484257241204682,0.010334555731537347,0.009675348240202013,0.007067519501453503,0.007029547189785072,-1.3324663981775944,-1.321698768569895,2.3488461918428145,2.2782349764538257,0.5617628205245141,0.5700548945636381,-0.0749999999999984,0.0749999999999984,-0.46482545631102995,-0.46872074336738256,0.9977037081615698,1.0,1.0,1.0,1.0
0.0029476324999999984,2.9476324999999983,4.164554548567418,4.145812603920379,0.03197088802582334,0.03162392133084177,4.155183576243902,-0.009370972323513246,0.011442813449111603,0.01073972136538791,0.007806049540364025,0.007664896234076935,-1.3258313405467679,-1.3091422297169608,2.345909101975673,2.290555560238018,0.5698870843498834,0.5825697357063855,-0.0749999999999984,-0.0749999999999984,-0.4611801900070276,-0.4569636616326825,0.9981843853737804,1.0,1.0,1.0,1.0
0.0032937774999999975,3.2937774999999974,3.323268819952388,3.296784797679029,0.025928585381612627,0.02550883225104985,3.3100268088157137,-0.013242011136683166,0.009301316784645441,0.008433786444610496,0.006340981445129045,0.006163702009165613,-1.3421504306262635,-1.3366795139190581,2.3280868034617854,2.236432837293978,0.5502020975346333,0.553790722904944,-0.0749999999999984,-0.0749999999999984,-0.4838926632066168,-0.47904220070684594,0.9959420858072431,0.0,0.0,1.0,1.0
0.0036399224999999983,3.639922499999998,0.3593924974380612,0.3583000736086328,0.0034224669664157793,0.003554451635831955,0.3588462855233465,-0.000546211914714151,0.0011354268925299015,0.0007458017732568609,0.0006730580527341785,0.0008184598437018494,-1.4328790118441659,-1.5937333284905792,2.144531783109301,1.7436481148890972,0.5533589717915285,0.6161190713294769,0.01499999999999968,0.009999999999999787,0.6219649496615528,0.6661214269549139,0.9434872496052309,0.0,0.0,1.0,1.0
0.003986067499999999,3.986067499999999,3.724999966332114,3.726067817759378,0.02892044932289393,0.02889101252155984,3.7255338920457395,0.0005339257136336755,0.010327070170742936,0.009562594988796148,0.007084926682741957,0.007075609830927722,-1.3293062993793243,-1.310675544998977,2.3266239263663846,2.24936367200682,0.5610449882747207,0.5689070867502414,-0.0749999999999984,-0.0749999999999984,-0.4804281339024644,-0.48595225963922734,0.9970845934086555,1.0,0.0,1.0,1.0
0.004332212499999998,4.332212499999998,3.162505992424326,3.1603569754260072,0.025059474813261103,0.02506639372711623,3.161431483925164,-0.0010745084991608687,0.008865565360340192,0.007912952944788934,0.00617053907610075,0.006199994799087507,-1.3355890635076226,-1.3354504361694541,2.3000990591758343,2.1921746138883673,0.5401937767608613,0.5307281605371883,-0.0749999999999984,0.0,-0.5088888580373856,0.5206211354285244,0.9947305105215906,0.0,0.0,1.0,1.0
0.004678357499999999,4.678357499999999,0.14858206452390146,0.14854021648562132,0.003736205830639988,0.00376932137915152,0.1485611405047616,-2.092401914008772e-05,0.00042388758722665344,2.4608088072138408e-05,0.0005404792484224962,0.0006059404916973704,0.04750567194548392,0.44919106614095755,1.666319541019076,2.011508983181613,0.7775407304516498,0.7688777091122596,0.009999999999999787,0.004999999999999893,0.49590269519061736,0.5340696243546339,0.9434837594175077,0.0,0.0,1.0,1.0
0.0050245025,5.0245025,3.0503462527066425,3.0511456458915576,0.02411999203535171,0.024191530125508634,3.0507459492990994,0.00039969659245763477,0.008232868930373942,0.007528220111552744,0.005979587335832244,0.006105470572144026,-1.2925755631349907,-1.3095608283533466,2.2729133138321336,2.2197116252748614,0.5533741026627826,0.5393394341340784,0.0,0.0,0.5191474231667029,0.5315233620416212,0.9973204142920978,0.0,0.0,1.0,1.0
0.005370647499999999,5.370647499999999,2.6332647716871107,2.6317305929105523,0.02161174596362353,0.021680904841051153,2.632497682298833,-0.0007670893882787633,0.006850476990423694,0.006152056609169418,0.005327911360721391,0.005522353891433728,-1.246754158544145,-1.3398701326440539,2.209936266947599,2.184047128928237,0.5338488317837246,0.5508210905592091,0.004999999999999893,0.0,0.5564851455493932,0.5707444253504748,0.9955514086836375,0.0,0.0,1.0,1.0
0.005716792499999998,5.716792499999998,0.30567225516980606,0.30545520699135015,0.012745764554119566,0.013363633811287336,0.30556373108057816,-0.00010852408922797868,0.002763167311011516,0.00047776697463740346,0.0014746846918788328,0.001252206925831955,0.7875620026739109,1.9379356875321778,1.1286179841920254,2.7102383101899545,0.6715762418557465,0.7346503417200754,0.01499999999999968,0.009999999999999787,0.30034037654323276,0.2444515450075215,0.8439551551752564,0.0,0.0,1.0,1.0
0.006062937499999997,6.062937499999997,2.2062792279331793,2.204313666740251,0.017360110079923503,0.017172547079835995,2.205296447336717,-0.0009827805964652385,0.004700989038022547,0.004900327163370994,0.004051990474232401,0.004227365263667356,-0.9920675329450751,-1.3666152807455882,2.1750117961111264,2.470662076535311,0.6154644762456947,0.6244264688291652,0.0,0.0,0.4627165544952909,0.43080439618029076,0.9603863840535233,0.0,0.0,1.0,1.0
0.006409082499999998,6.409082499999998,2.3437129043765785,2.3458770944562253,0.02126425875201788,0.022062654519218575,2.3447949994164046,0.0010820950398238466,0.004474499925033034,0.0043192100256137025,0.0044480432736298085,0.004841626358573381,-0.6130523459206908,-1.4262950267099257,2.04318961394808,2.5602378223299116,0.7029777589896878,0.7064125521134814,0.0,0.0,0.4517479438887751,0.3970187433562655,0.9083685048010546,0.0,0.0,1.0,1.0
0.006755227499999999,6.755227499999998,3.122177661191164,3.1198528475909266,0.027637135451841103,0.02802059860745112,3.1210152543910445,-0.0011624068001169564,0.00602881058505896,0.00592365421561221,0.005980130955992898,0.0063797676654063955,-0.6699042811832427,-1.346532839099629,2.063747411318651,2.525248586933075,0.6681872428891633,0.6805881214316523,0.0,0.0,0.4745521493624267,0.4299277165094333,0.9220945103553857,0.0,0.0,1.0,1.0
0.007101372499999998,7.101372499999998,nan,nan,nan,nan,nan,nan,nan,nan,nan,nan,nan,nan,nan,nan,nan,nan,nan,nan,nan,nan,nan,0.0,0.0,0.0,0.0
0.007447517499999999,7.447517499999999,2.8297659877633,2.82386262229598,0.03049489201465038,0.032465724407552306,2.8268143050296417,-0.002951682733660119,0.005879620318902959,0.0038751864784489012,0.005482080878630673,0.006001252965799653,-0.02338231056594581,-1.4250492138227056,1.8823005371608708,2.7333961880464877,0.7424542061518188,0.7478183475910978,0.004999999999999893,0.0,0.4045409046853202,0.3171553649882624,0.8348317607266776,0.0,0.0,1.0,1.0
0.0077936624999999995,7.7936625,3.227319403319423,3.2220929961630884,0.032912003404064645,0.034429939387848954,3.22470619974125,-0.0026132035781659658,0.006249672480220917,0.004534811014385098,0.006352566987939756,0.006635446324073512,-0.082797346951564,-1.2898034105804128,1.897949703612389,2.713132006925917,0.6821396236903535,0.7254648008049622,0.0,0.0,0.44168809364976425,0.3480292851467048,0.833082884508493,0.0,0.0,1.0,1.0
0.008139807499999999,8.139807499999998,nan,nan,nan,nan,nan,nan,nan,nan,nan,nan,nan,nan,nan,nan,nan,nan,nan,nan,nan,nan,nan,0.0,0.0,0.0,0.0
0.008485952499999998,8.485952499999998,2.936492840721001,2.926086564742636,0.03678682882668891,0.04066031306360712,2.9312897027318208,-0.005203137989187194,0.007544239586311604,0.0019451317598194943,0.0064842164704548245,0.0061698377653804475,0.43540764323370845,-1.17728247624503,1.7252907283304806,2.8444869011126555,0.6913554891128111,0.763755587704372,0.004999999999999893,0.0,0.41930009787336014,0.2928126458030462,0.7710238565291766,0.0,0.0,1.0,1.0
0.008832097499999997,8.832097499999996,3.2949179518854024,3.2821698606051317,0.03723127001337781,0.040251269591006576,3.288543906245265,-0.006374045640137364,0.006317890488691949,0.002766964839353085,0.007553385106867344,0.006365661169183669,0.26820189661322014,-0.9171326237981511,1.8021020255206204,2.682114122264387,0.7097582864335699,0.7309016569693325,0.004999999999999893,0.0,0.4928045130953427,0.36910814534907366,0.7891723006175234,0.0,0.0,1.0,1.0
0.009178242499999998,9.178242499999998,nan,nan,nan,nan,nan,nan,nan,nan,nan,nan,nan,nan,nan,nan,nan,nan,nan,nan,nan,nan,nan,0.0,0.0,0.0,0.0
0.009524387499999998,9.524387499999998,3.011730667437934,2.9880396669596943,0.04098155693040566,0.04789955070966195,2.9998851671988183,-0.011845500239118217,0.007036297862873231,0.0017970650780699696,0.008185886885987608,0.005301549386310375,0.705101802101369,0.7158978533473142,1.709305138946673,2.6329459029214144,0.7153771926134244,0.7629805502391186,0.004999999999999893,0.004999999999999893,0.5045042545052796,0.3512522149277793,0.7384827036139603,0.0,0.0,1.0,1.0
0.009870532499999998,9.870532499999998,3.3440445131892855,3.3146504929316936,0.04133959098476062,0.04691391278087035,3.329347503060495,-0.01469701012879163,0.00396988841382948,0.002501625961065496,0.009105059940799656,0.00564305842890057,0.41502141499785467,0.35110219307139445,1.8238712203129441,2.3134379079851235,0.7228546239588897,0.7011734519765107,0.004999999999999893,0.004999999999999893,0.564774184091205,0.4271630754121562,0.7273111223488664,0.0,0.0,1.0,1.0
0.010216677499999998,10.216677499999998,3.094305076449507,3.0438852862273986,0.04774143711810779,0.058370027204525665,3.0690951813384566,-0.025209895111055144,0.0029541734650017563,0.005812061601115874,0.009947733492172896,0.00545145810447443,1.093189319570298,1.1671819575771343,1.823656747699777,1.8859105705647314,0.7301691610084611,0.7151649249668195,0.004999999999999893,0.009999999999999787,0.5630408107957268,0.42150690042158645,0.6126529808627876,0.0,0.0,1.0,1.0
0.0105628225,10.5628225,nan,nan,nan,nan,nan,nan,nan,nan,nan,nan,nan,nan,nan,nan,nan,nan,nan,nan,nan,nan,nan,0.0,0.0,0.0,0.0
0.010908967499999998,10.908967499999997,3.4252187948400903,3.3654818840035543,0.05085232469654978,0.05894280099508621,3.3953503394218227,-0.029868455418267582,0.0019845643796453202,0.006250856474742078,0.010617721014769637,0.007466995876992035,-1.8304679922057197,0.9844270451714203,1.9612500151038403,1.665568260366511,0.7154718919561873,0.6495239548840385,0.004999999999999893,0.009999999999999787,0.5750764271382005,0.4693493256304755,0.5218151949103295,0.0,0.0,1.0,1.0
0.011255112499999997,11.255112499999997,3.24027685465809,3.1448191241486843,0.06620927323119291,0.07894481862447332,3.1925479894033884,-0.047728865254698626,0.005446156179669935,0.012074187930939308,0.011741612543908006,0.011335014550498831,-2.2891484691583384,1.2187159298678412,2.033455661293563,1.336041648621438,0.695796284815411,0.6486733431025763,0.004999999999999893,0.009999999999999787,0.5338464493014043,0.46529667729966634,0.3270262328081358,0.0,1.0,1.0,1.0
0.011601257499999997,11.601257499999997,nan,nan,nan,nan,nan,nan,nan,nan,nan,nan,nan,nan,nan,nan,nan,nan,nan,nan,nan,nan,nan,0.0,0.0,0.0,0.0
0.011947402499999997,11.947402499999997,3.6129459448217207,3.4998840026898637,0.0748592687807859,0.08399066799250553,3.556414973755795,-0.056530971065926236,0.011372150517792293,0.012823714522052889,0.012278695133531194,0.015120014738106091,-1.9525745463088875,1.0767213764385661,2.1557432044221834,1.316937770206552,0.6346973193049441,0.6072310259762309,-0.0749999999999984,0.009999999999999787,-0.5176225893573574,0.48995259398553387,0.2010020460455868,1.0,1.0,1.0,1.0
0.012293547499999998,12.293547499999999,3.5702833419515607,3.3933507191145886,0.11210321702144518,0.1236366136203739,3.4818170305330765,-0.08846631141848806,0.019861172832669666,0.022401213768487447,0.014197280538807786,0.02527321523750265,-1.883326464326972,1.1418126784685287,2.226569792959728,1.1885713362014514,0.5618047577682669,0.34019518141938326,-0.0749999999999984,0.01499999999999968,-0.47436959149295627,0.4876028543637452,0.010587101232248331,1.0,0.0,1.0,1.0
0.012639692499999997,12.639692499999997,nan,nan,nan,nan,nan,nan,nan,nan,nan,nan,nan,nan,nan,nan,nan,nan,nan,nan,nan,nan,nan,0.0,0.0,0.0,0.0
0.012985837499999998,12.985837499999999,4.262610636092157,4.023525735087719,0.14630771863335987,0.1537215080969972,4.143068185589948,-0.11954245050222032,0.031461098258011626,0.02787112457783414,0.016211342153895386,0.03513964107339324,-1.6775358053291012,1.0168293317230974,2.290523520188309,1.2186516364536648,0.5532764481178208,0.572298837067728,-0.0749999999999984,0.01499999999999968,-0.4578914755594491,0.5048421551945957,-0.09394777308722786,1.0,1.0,1.0,1.0
0.013331982499999999,13.331982499999999,5.394512396402797,4.9250003662467385,0.3001625164502548,0.31066311750977893,5.159756381324772,-0.23475601507802485,0.06671131591768761,0.06024146424627076,0.025615710174835084,0.07538369732225728,-1.5287519345292764,1.0149624962019443,2.267916247178211,1.1873561024189652,0.5638007100990168,0.7218959157117003,-0.3849999999999918,0.01499999999999968,-0.42585979369495713,0.5232133560514592,-0.193765787362149,1.0,1.0,1.0,1.0
0.013678127499999998,13.678127499999999,3.182521437175111,2.9796462239622388,0.17128360789824548,0.17643559293208239,3.0810838305686823,-0.10143760660643708,0.03987959799349265,0.03354346396205442,0.014459421455282307,0.04349199276250515,-1.4747328471913104,0.9608151123719758,2.2498021445331533,1.207360138394969,0.5660422159514213,0.7422146605915169,-0.3849999999999918,0.01499999999999968,-0.42704850438812186,0.532477201012147,-0.20283846962845445,1.0,1.0,1.0,1.0
